-- phpMyAdmin SQL Dump
-- version 5.2.1
-- https://www.phpmyadmin.net/
--
-- Host: 127.0.0.1
-- Generation Time: Nov 09, 2025 at 06:42 AM
-- Server version: 10.4.32-MariaDB
-- PHP Version: 8.0.30

SET SQL_MODE = "NO_AUTO_VALUE_ON_ZERO";
START TRANSACTION;
SET time_zone = "+00:00";


/*!40101 SET @OLD_CHARACTER_SET_CLIENT=@@CHARACTER_SET_CLIENT */;
/*!40101 SET @OLD_CHARACTER_SET_RESULTS=@@CHARACTER_SET_RESULTS */;
/*!40101 SET @OLD_COLLATION_CONNECTION=@@COLLATION_CONNECTION */;
/*!40101 SET NAMES utf8mb4 */;

--
-- Database: `rwddgroup7`
--

-- --------------------------------------------------------

--
-- Table structure for table `tblblog`
--

CREATE TABLE `tblblog` (
  `blogID` int(11) NOT NULL,
  `userID` int(11) NOT NULL,
  `title` varchar(100) NOT NULL,
  `excerpt` varchar(200) NOT NULL,
  `category` varchar(50) NOT NULL,
  `content` longtext NOT NULL,
  `date` datetime DEFAULT current_timestamp()
) ENGINE=InnoDB DEFAULT CHARSET=utf8mb4 COLLATE=utf8mb4_general_ci;

--
-- Dumping data for table `tblblog`
--

INSERT INTO `tblblog` (`blogID`, `userID`, `title`, `excerpt`, `category`, `content`, `date`) VALUES
(1, 1, 'Getting Started with Sustainable Living', 'Learn the basics of sustainable living and how small changes can make a big impact.', 'Lifestyle', 'Sustainable living is a lifestyle that attempts to reduce an individual\'s or society\'s use of Earth\'s natural resources. It involves making conscious choices about consumption, energy use, and waste production.\n\nKey principles include:\n1. Reduce consumption\n2. Reuse materials\n3. Recycle responsibly\n4. Compost organic waste\n5. Use renewable energy\n\nBy implementing these practices, you can significantly reduce your carbon footprint and contribute to environmental conservation.', '2025-10-23 14:23:52'),
(2, 2, 'Urban Gardening Tips for Beginners', 'Discover how to create a thriving garden in your urban space.', 'Gardening', 'Urban gardening is an excellent way to grow your own food and create green spaces in the city. Whether you have a balcony, rooftop, or small backyard, these tips will help you get started.\n\nTips for success:\n- Start with easy-to-grow plants like herbs and lettuce\n- Use container gardening for space efficiency\n- Ensure adequate sunlight (at least 6 hours daily)\n- Water regularly but avoid overwatering\n- Use organic soil and natural fertilizers\n\nWith proper planning and care, you\'ll be harvesting fresh vegetables in no time!', '2025-10-23 14:23:52'),
(3, 3, 'The Future of Renewable Energy', 'Exploring emerging renewable energy technologies.', 'Technology', 'Renewable energy sources are becoming increasingly important as we transition away from fossil fuels. Solar, wind, hydroelectric, and geothermal energy are leading the way in sustainable power generation.\n\nEmerging technologies include:\n- Advanced solar panels with higher efficiency\n- Offshore wind farms\n- Battery storage solutions\n- Hydrogen fuel cells\n- Tidal energy systems\n\nThese innovations will play a crucial role in combating climate change and ensuring a sustainable future for generations to come.', '2025-10-23 14:23:52'),
(5, 11, 'The Art of Vermicomposting in Apartments', 'Learn how to turn kitchen scraps into rich fertilizer using worms, even in small urban spaces.', 'Gardening', 'Vermicomposting is an excellent solution for apartment dwellers who want to compost but lack outdoor space. Using a simple worm bin, you can transform your kitchen scraps into nutrient-rich castings perfect for houseplants or balcony gardens.\n\nGetting Started:\n- Choose a suitable container (plastic bin with lid)\n- Add bedding material (shredded newspaper/cardboard)\n- Introduce red wiggler worms\n- Feed kitchen scraps regularly\n- Harvest castings every 2-3 months\n\nBenefits include reducing landfill waste, creating free fertilizer, and engaging in sustainable practices regardless of living situation.', '2025-10-25 13:52:55'),
(6, 12, 'Native Plants: Why They Matter for Local Ecosystems', 'Discover the importance of native species in supporting biodiversity and ecosystem health.', 'Conservation', 'Native plants are species that occur naturally in a region without human introduction. They play crucial roles in local ecosystems by providing habitat and food sources for native wildlife.\n\nKey Benefits:\n- Support pollinators and beneficial insects\n- Require less water and maintenance\n- Improve soil health and prevent erosion\n- Resist local pests and diseases\n- Preserve genetic diversity\n\nBy incorporating native plants into our gardens, we contribute to ecological restoration and create sustainable landscapes that thrive with minimal intervention.', '2025-10-25 13:52:55'),
(7, 13, 'Companion Planting for Pest Control', 'How strategic plant partnerships can naturally reduce pests and improve garden health.', 'Gardening', 'Companion planting is an age-old gardening technique that uses plant relationships to enhance growth, deter pests, and improve yields without chemicals.\n\nEffective Combinations:\n- Tomatoes with basil (repels tomato hornworms)\n- Carrots with onions (confuses carrot fly)\n- Cabbage with mint (deters cabbage moths)\n- Beans with corn (natural support system)\n- Marigolds throughout garden (nematode control)\n\nThis approach creates a balanced ecosystem where plants support each other, reducing the need for interventions and creating a more resilient garden.', '2025-10-25 13:52:55'),
(8, 14, '30 Days to Zero Waste: A Practical Guide', 'Realistic steps to significantly reduce household waste in just one month.', 'Lifestyle', 'Transitioning to zero waste doesn\'t happen overnight, but with consistent small changes, you can dramatically reduce your trash output in just 30 days.\n\nWeek 1: Kitchen Focus\n- Switch to reusable produce bags\n- Start composting food scraps\n- Replace paper towels with cloth\n\nWeek 2: Bathroom Changes\n- Use shampoo and conditioner bars\n- Switch to safety razors\n- Choose bamboo toothbrushes\n\nWeek 3: Shopping Habits\n- Bring your own containers\n- Shop bulk sections\n- Choose package-free options\n\nWeek 4: Maintenance & Mindset\n- Repair instead of replace\n- Donate unwanted items\n- Share excess with neighbors', '2025-10-25 13:52:55'),
(9, 15, 'Solar Power for Urban Homes: What You Need to Know', 'A comprehensive guide to residential solar installation in city environments.', 'Technology', 'Urban solar power has become increasingly accessible and affordable. With advances in technology, even homes with limited roof space can benefit from solar energy.\n\nConsiderations for Urban Installation:\n- Roof orientation and shading analysis\n- Local regulations and permits\n- Grid connection requirements\n- Battery storage options\n- Financial incentives and rebates\n\nModern solar panels are more efficient than ever, and with various financing options available, renewable energy is within reach for most urban homeowners.', '2025-10-25 13:52:55'),
(10, 16, 'Building Community Through Shared Gardens', 'How community gardens strengthen neighborhoods and promote food sovereignty.', 'Community', 'Community gardens are more than just places to grow food—they\'re hubs of social connection, education, and empowerment that transform neighborhoods.\n\nBenefits Beyond Food:\n- Create intergenerational connections\n- Provide educational opportunities\n- Improve food access and security\n- Enhance neighborhood beauty\n- Promote physical and mental health\n\nStarting a community garden requires collaboration and planning, but the rewards include stronger community bonds, increased food literacy, and transformed urban spaces.', '2025-10-25 13:52:55'),
(11, 17, 'The Vital Role of Bees in Our Ecosystem', 'Understanding why protecting pollinators is essential for food security and biodiversity.', 'Conservation', 'Bees are among the most important pollinators, responsible for fertilizing many of the fruits, vegetables, and nuts that make up our diets.\n\nPollination Services:\n- 75% of flowering plants require animal pollination\n- 35% of global food production depends on pollinators\n- Bees contribute to biodiversity and ecosystem stability\n\nThreats to bee populations include habitat loss, pesticides, climate change, and diseases. By creating bee-friendly habitats and supporting organic agriculture, we can help protect these essential creatures.', '2025-10-25 13:52:55'),
(12, 18, 'Upcycling Fashion: Giving Old Clothes New Life', 'Creative ways to transform unwanted clothing into unique, sustainable fashion statements.', 'Lifestyle', 'The fashion industry is a major contributor to environmental problems, but upcycling offers a creative solution that reduces waste and expresses personal style.\n\nSimple Upcycling Projects:\n- Turn jeans into stylish shorts or bags\n- Transform t-shirts into crop tops or tote bags\n- Add embroidery or patches to refresh items\n- Combine fabrics to create entirely new pieces\n- Dye faded clothing for vibrant renewal\n\nUpcycling not only reduces textile waste but also allows for unique self-expression and challenges fast fashion consumption patterns.', '2025-10-25 13:52:55'),
(13, 19, 'Urban Forests: Cooling Our Cities Naturally', 'How strategic tree planting can combat urban heat islands and improve quality of life.', 'Environment', 'Urban forests provide essential ecosystem services that make cities more livable, resilient, and sustainable, especially as climate change intensifies.\n\nCooling Benefits:\n- Trees can reduce ambient temperatures by 2-8°C\n- Shaded surfaces can be 11-25°C cooler\n- Reduced energy demand for air conditioning\n- Improved air quality through pollution absorption\n\nBeyond temperature regulation, urban forests provide habitat, reduce stormwater runoff, increase property values, and enhance mental wellbeing.', '2025-10-25 13:52:55'),
(14, 20, 'Marine Conservation: Small Actions with Big Impact', 'Practical steps everyone can take to protect our oceans, no matter where they live.', 'Conservation', 'Ocean health affects everyone, regardless of distance from the coast. Our daily choices have significant impacts on marine ecosystems thousands of miles away.\n\nInland Actions for Ocean Health:\n- Reduce plastic consumption, especially single-use items\n- Choose sustainable seafood options\n- Properly dispose of chemicals and medications\n- Support organizations working on marine conservation\n- Reduce carbon footprint to combat ocean acidification\n\nEven small changes in our daily routines can collectively create substantial positive impacts for marine life and ecosystem health.', '2025-10-25 13:52:55'),
(15, 21, 'Youth-Led Climate Action: Making Our Voices Heard', 'How young people are driving meaningful change in climate policy and awareness.', 'Activism', 'Young people worldwide are stepping up to demand climate action, bringing fresh perspectives and urgent voices to the environmental movement.\n\nEffective Youth Strategies:\n- School strikes and peaceful protests\n- Social media campaigns and digital organizing\n- Legal action for climate justice\n- Educational initiatives in communities\n- Political engagement and voter mobilization\n\nThese efforts have shifted public discourse, influenced policy decisions, and demonstrated that age is no barrier to making a significant impact on critical environmental issues.', '2025-10-25 13:52:55'),
(16, 22, 'Permaculture Principles for Sustainable Living', 'Applying nature\'s patterns to create resilient, productive human habitats.', 'Gardening', 'Permaculture offers a design framework for creating sustainable systems that work with nature rather than against it, applicable from backyard gardens to entire communities.\n\nCore Principles:\n- Observe and interact with natural patterns\n- Catch and store energy\n- Obtain a yield from systems\n- Use and value renewable resources\n- Produce no waste through cycling\n- Design from patterns to details\n\nThese principles help create systems that are not only productive but also regenerative, building soil health, biodiversity, and community resilience over time.', '2025-10-25 13:52:55'),
(17, 23, 'Home Energy Efficiency: Beyond Solar Panels', 'Comprehensive strategies to reduce energy consumption and costs in residential buildings.', 'Technology', 'While renewable energy gets much attention, energy efficiency often provides the most cost-effective path to reducing environmental impact and utility bills.\n\nWhole-House Efficiency Approach:\n- Air sealing and proper insulation\n- Energy-efficient windows and doors\n- High-efficiency HVAC systems\n- Smart thermostats and energy monitoring\n- LED lighting and efficient appliances\n- Water heating improvements\n\nA comprehensive efficiency approach can reduce energy consumption by 30-50%, making any subsequent renewable energy installation more effective and affordable.', '2025-10-25 13:52:55'),
(18, 24, 'Ethical Wildlife Photography Guidelines', 'How to capture stunning nature images while prioritizing animal welfare and conservation.', 'Conservation', 'Wildlife photography can be a powerful tool for conservation, but it must be practiced ethically to avoid harming the very subjects we aim to protect.\n\nEthical Guidelines:\n- Maintain safe distances from wildlife\n- Avoid baiting or disturbing natural behaviors\n- Respect breeding and nesting seasons\n- Follow established park and reserve rules\n- Use camera equipment that minimizes intrusion\n- Share images that educate and inspire conservation\n\nResponsible photography contributes to conservation efforts by raising awareness while ensuring minimal impact on wildlife populations and habitats.', '2025-10-25 13:52:55'),
(19, 25, 'Community Advocacy for Environmental Policy Change', 'Strategies for effectively influencing local government decisions on environmental issues.', 'Activism', 'Local policy changes can create significant environmental improvements, and community advocacy is often the most effective way to drive these changes.\n\nEffective Advocacy Strategies:\n- Build diverse coalitions with shared goals\n- Research and present data-driven solutions\n- Engage with elected officials regularly\n- Mobilize community members for public hearings\n- Use media and social platforms strategically\n- Celebrate wins and maintain momentum\n\nSuccessful environmental advocacy requires persistence, collaboration, and a clear vision of the positive changes that benefit both the community and the planet.', '2025-10-25 13:52:55');

-- --------------------------------------------------------

--
-- Table structure for table `tblblogtag`
--

CREATE TABLE `tblblogtag` (
  `blogID` int(11) NOT NULL,
  `tagID` int(11) NOT NULL
) ENGINE=InnoDB DEFAULT CHARSET=utf8mb4 COLLATE=utf8mb4_general_ci;

--
-- Dumping data for table `tblblogtag`
--

INSERT INTO `tblblogtag` (`blogID`, `tagID`) VALUES
(1, 4),
(1, 5),
(1, 9),
(2, 6),
(2, 9),
(2, 10),
(3, 2),
(3, 3),
(3, 7);

-- --------------------------------------------------------

--
-- Table structure for table `tblconversations`
--

CREATE TABLE `tblconversations` (
  `conversationID` int(11) NOT NULL,
  `user1ID` int(11) DEFAULT NULL,
  `user2ID` int(11) DEFAULT NULL,
  `lastMessageTime` datetime DEFAULT current_timestamp(),
  `createdAt` datetime DEFAULT current_timestamp()
) ENGINE=InnoDB DEFAULT CHARSET=utf8mb4 COLLATE=utf8mb4_general_ci;

--
-- Dumping data for table `tblconversations`
--

INSERT INTO `tblconversations` (`conversationID`, `user1ID`, `user2ID`, `lastMessageTime`, `createdAt`) VALUES
(1, 4, 8, '2025-10-20 14:30:00', '2025-10-18 10:15:00'),
(2, 11, 17, '2025-10-22 16:45:00', '2025-10-19 09:20:00'),
(3, 5, 4, '2025-10-21 16:45:00', '2025-10-21 16:45:00'),
(4, 31, 13, '2025-10-22 08:15:00', '2025-10-22 08:15:00');

-- --------------------------------------------------------

--
-- Table structure for table `tblevents`
--

CREATE TABLE `tblevents` (
  `eventID` int(11) NOT NULL,
  `userID` int(11) NOT NULL,
  `title` varchar(255) NOT NULL,
  `duration` int(11) NOT NULL,
  `day` int(11) NOT NULL,
  `startDate` date NOT NULL,
  `endDate` date NOT NULL,
  `time` time NOT NULL,
  `timeZone` varchar(50) NOT NULL,
  `location` varchar(255) NOT NULL,
  `country` varchar(100) NOT NULL,
  `description` text NOT NULL,
  `mode` enum('online','physical','hybrid') NOT NULL,
  `type` enum('talk','workshop','seminar','clean-up','campaign','competition','tree-planting','other') DEFAULT NULL,
  `status` enum('open','closed','cancelled') DEFAULT 'open',
  `maxPax` int(11) NOT NULL,
  `datePosted` datetime NOT NULL,
  `bannerFilePath` varchar(500) DEFAULT NULL
) ENGINE=InnoDB DEFAULT CHARSET=utf8mb4 COLLATE=utf8mb4_general_ci;

--
-- Dumping data for table `tblevents`
--

INSERT INTO `tblevents` (`eventID`, `userID`, `title`, `duration`, `day`, `startDate`, `endDate`, `time`, `timeZone`, `location`, `country`, `description`, `mode`, `type`, `status`, `maxPax`, `datePosted`, `bannerFilePath`) VALUES
(1, 1, 'Zero Waste Lifestyle Talk', 2, 1, '2025-10-25', '2025-10-25', '10:00:00', 'UTC-05:00', 'New York Eco Center', 'United States', 'Learn how to reduce household waste through simple daily practices.', 'online', 'talk', 'closed', 300, '2025-10-15 18:34:58', NULL),
(2, 2, 'Green Energy Workshop', 3, 1, '2025-11-05', '2025-11-05', '14:00:00', 'UTC-05:00', 'Toronto Green Hub', 'Canada', 'Hands-on workshop on solar panels, wind energy, and sustainable power.', 'physical', 'workshop', 'closed', 150, '2025-10-20 18:34:58', NULL),
(3, 3, 'Community Cleanup Day', 5, 1, '2025-11-10', '2025-11-10', '08:00:00', 'UTC+00:00', 'London Riverside Park', 'United Kingdom', 'Help clean up community spaces and reduce plastic waste.', 'physical', 'clean-up', 'open', 100, '2025-10-20 18:34:58', NULL),
(4, 4, 'Urban Tree Planting Day', 4, 1, '2025-11-15', '2025-11-15', '09:00:00', 'UTC-05:00', 'Central Park, New York', 'United States', 'Join us to plant trees and create green spaces in the city.', 'physical', 'tree-planting', 'open', 200, '2025-10-20 18:34:58', NULL),
(5, 5, 'Recycling Awareness Drive', 6, 1, '2025-11-20', '2025-11-20', '09:00:00', 'UTC+10:00', 'Sydney Community Hall', 'Australia', 'Educating the public on sorting and recycling waste effectively.', 'physical', 'workshop', 'open', 250, '2025-10-20 18:34:58', NULL),
(6, 6, 'Sustainable Startup Pitch', 6, 1, '2025-12-01', '2025-12-01', '13:00:00', 'UTC+00:00', 'Dublin Innovation Center', 'Ireland', 'Pitch your eco-friendly startup ideas to green investors.', 'hybrid', 'other', 'open', 300, '2025-10-20 18:34:58', NULL),
(7, 7, 'Eco-friendly Product Design Bootcamp', 8, 2, '2025-12-03', '2025-12-04', '09:30:00', 'UTC+12:00', 'Auckland Design Lab', 'New Zealand', 'Learn to design sustainable and reusable products in this bootcamp.', 'physical', 'workshop', 'open', 400, '2025-10-20 18:34:58', NULL),
(8, 8, 'Climate Action Seminar', 2, 1, '2025-12-10', '2025-12-10', '15:00:00', 'UTC-05:00', 'Chicago Conference Center', 'United States', 'Seminar on global climate challenges and local solutions.', 'hybrid', 'seminar', 'open', 250, '2025-10-20 18:34:58', NULL),
(9, 9, 'Sustainable Tech Hackathon', 24, 3, '2025-12-15', '2025-12-17', '08:00:00', 'UTC-05:00', 'University of Toronto', 'Canada', '48-hour hackathon building apps and devices to support sustainability.', 'physical', 'competition', 'open', 600, '2025-10-20 18:34:58', NULL),
(10, 10, 'Green Culture Festival', 8, 3, '2025-12-20', '2025-12-22', '10:00:00', 'UTC+00:00', 'Bristol Eco Center', 'United Kingdom', 'Festival celebrating sustainable living, local art, and eco-friendly food. \r\n\r\nThis event will be held for 3 days in a row, 8 hours per day from 10am to 6pm.', 'physical', 'other', 'open', 800, '2025-10-20 18:34:58', NULL),
(11, 21, 'ReLeaf Beach Clean-Up Volunteering', 6, 1, '2025-12-11', '2025-12-11', '08:00:00', 'UTC+08:00', 'East Coast Park Beach', 'Singapore', 'Join us for a community beach cleanup to protect marine life and promote sustainability. Volunteers will collect plastic, bottles, and other waste along the shoreline. Gloves and trash bags will be provided. Please wear comfortable clothing and bring water.', 'physical', 'clean-up', 'open', 50, '2025-10-20 19:31:57', '../../uploads/eventBanner/event_1760959917_68f61dad4c9e0.jpg'),
(12, 13, 'CHASE Recycling Workshop - Recycling Tips and DIY Session', 5, 1, '2025-11-29', '2025-11-29', '20:00:00', 'UTC-06:00', 'Casa De La Cultura 2 De Marzo', 'Mexico', 'Join us for an interactive recycling workshop where you’ll learn practical recycling tips and creative DIY projects using household waste. Let’s make sustainability fun and hands-on! \r\n\r\n📞Contact Us:\r\nEmail: chasewithus@gmail.com\r\nInstagram: @chaseewus', 'hybrid', 'workshop', 'open', 120, '2025-10-24 11:52:47', '../../uploads/eventBanner/event_1761277967_68faf80f0d1dc.jpg');

-- --------------------------------------------------------

--
-- Table structure for table `tblfaq`
--

CREATE TABLE `tblfaq` (
  `faqID` int(11) NOT NULL,
  `category` enum('General','Blog','Event','Trade','Quiz','Security','Support','Other') NOT NULL,
  `question` text NOT NULL,
  `answer` text NOT NULL,
  `dateAdded` datetime DEFAULT current_timestamp()
) ENGINE=InnoDB DEFAULT CHARSET=utf8mb4 COLLATE=utf8mb4_general_ci;

--
-- Dumping data for table `tblfaq`
--

INSERT INTO `tblfaq` (`faqID`, `category`, `question`, `answer`, `dateAdded`) VALUES
(1, 'General', 'What is ReLeaf?', 'ReLeaf is a sustainability-focused platform where you can share your tips and experience through blogs, join community events, and trade pre-loved or eco-friendly items securely.', '2025-10-23 14:21:12'),
(2, 'General', 'Who can use ReLeaf?', 'Anyone in the community can use ReLeaf. Whether you\'re a student, parent, worker, or retiree, ReLeaf is open for all who want to live more sustainably.', '2025-10-23 14:21:12'),
(3, 'General', 'Do I need to pay to use ReLeaf?', 'No. ReLeaf is free to join and use. There are no hidden charges for listing, browsing, or joining events.', '2025-10-23 14:21:12'),
(4, 'Blog', 'What can I post in the blog section?', 'You can share sustainability tips, personal eco-friendly experiences, DIY recycling projects, or gardening and energy-saving advice. Blogs help spread awareness and encourage others to live green.', '2025-10-23 14:21:12'),
(5, 'Event', 'What kind of events are available on ReLeaf?', 'Events include community clean-ups, gardening projects, sustainability workshops, campaigns, talks, seminars, and even competitions like hackathons.', '2025-10-23 14:21:12'),
(6, 'Event', 'How do I join an event?', 'Browse the Events section, click on an event you\'re interested in, and click Register!', '2025-10-23 14:21:12'),
(7, 'Event', 'Can I cancel my registration after I’ve registered?', 'Yes! Just go to the Events page > My Events > Search for the specific event > Select Cancel.', '2025-10-23 14:21:12'),
(8, 'Event', 'Can I host an event?', 'Yes! Go to the Events page > Host an Event > Fill in the essential information > Done! You can leave any important details relating to the event in the description, such as your social links or a Discord invite.', '2025-10-23 14:21:12'),
(9, 'Event', 'How do I manage my event?', 'Go to the Events page > My Events > Select \"Hosted Events\" > Choose the event to see the participants list. You can view, delete, or manage participants, and search for a specific one.', '2025-10-23 14:21:12'),
(10, 'Trade', 'What items can I trade on ReLeaf?', 'You can trade pre-loved items (like clothes, books, furniture) or eco-friendly products (like reusable bottles, bamboo utensils, or zero-waste tools). You can even trade plants.', '2025-10-23 14:21:12'),
(11, 'Quiz', 'Why is there a leaderboard?', 'The leaderboard encourages friendly competition among users. It motivates eco-warriors to participate in quizzes, earn points, and stay active in promoting sustainability while tracking their global rank.', '2025-10-23 14:21:12'),
(12, 'Quiz', 'Where is the quiz?', 'The Quiz button is placed on the bottom-right corner of the member’s home page.', '2025-10-23 14:21:12'),
(13, 'Quiz', 'What is the quiz for?', 'The quiz allows users to earn points, climb the leaderboard, and compete with other eco-warriors around the world by testing their environmental knowledge.', '2025-10-23 14:21:12'),
(14, 'Quiz', 'What type of quiz questions are there?', 'Questions cover topics like recycling, energy saving, sustainable shopping, green gardening, and sustainability awareness. Each stage increases in difficulty and rewards more points.', '2025-10-23 14:21:12'),
(15, 'Security', 'How does ReLeaf prevent scams?', 'ReLeaf has an active admin team, reporting tools, and secure messaging. We encourage members to meet in safe, public places for trades.', '2025-10-23 14:21:12'),
(16, 'Security', 'Is my personal information visible to others?', 'No. Your private details are not shared. All communication happens through ReLeaf\'s secure system.', '2025-10-23 14:21:12'),
(17, 'Support', 'How do I reset my password?', 'Go to Settings > Edit Profile, enter your old password and a new one, then save the changes. Your password will be updated once verified.', '2025-10-23 14:21:12'),
(18, 'Support', 'How do I contact ReLeaf support?', 'Use the in-app Help & Support page in Settings.', '2025-10-23 14:21:12'),
(19, 'Trade', 'How do I start a trade with another user?', 'To start a trade, first send a message to the user you want to trade with. Introduce yourself, and once the conversation is started, click the trade button in the chat (on the left of your message input) to either request one of their listings or offer one of your own listings. The method of trading is flexible (e.g. meeting up to exchange or delivery), discuss how you want to trade with your trading partner!', '2025-10-26 11:00:00'),
(20, 'Trade', 'What happens when I send a trade request?', 'When you send a trade request, the other user will receive a notification in your chat. They can then accept, decline, or let the request expire after 30 days.', '2025-10-26 12:00:00'),
(21, 'Trade', 'Can I cancel a trade request I sent?', 'Yes, you can cancel your own trade requests as long as they haven\'t been accepted yet. Go to the chat where you sent the request and click the \"Cancel\" button on your trade request message.', '2025-10-26 13:00:00'),
(22, 'Trade', 'Can I trade with users in different countries?', 'Yes, you can trade with users worldwide. However, consider shipping costs and local regulations when trading physical items across borders. Always discuss logistics with your trading partner.', '2025-10-26 14:00:00'),
(23, 'General', 'How do I start a conversation with another user?', 'You can start a conversation by visiting a user\'s profile and clicking the chat icon beside their names.', '2025-10-26 16:00:00'),
(24, 'General', 'Can I delete a conversation?', 'Currently, conversations cannot be deleted to maintain a record of trades and communications. This helps protect both parties in case of disputes.', '2025-10-26 17:00:00'),
(25, 'Blog', 'How do I write and publish a blog post?', 'To write a blog, click \"Write A Blog\" on the main blog page. Fill in the title, excerpt, category, content, and add relevant tags. Click \"Publish Blog\" when you\'re ready to share your post with the community.', '2025-10-27 10:00:00'),
(26, 'Blog', 'What should I write about in my blog?', 'Write about sustainability topics like eco-friendly living, gardening tips, renewable energy, conservation efforts, green technology, or personal experiences with environmental initiatives. Share knowledge that can help others live more sustainably.', '2025-10-27 11:00:00'),
(27, 'Blog', 'Are there any content guidelines for blogs?', 'Yes, blogs should be respectful, informative, and related to sustainability. Avoid offensive content, false information, promotional spam, or unrelated topics.', '2025-10-27 11:11:00'),
(28, 'Blog', 'What are tags and how should I use them?', 'Tags help categorize your blog and make it discoverable. Use relevant keywords like \"composting\", \"solar energy\", \"urban gardening\", or \"zero waste\". Choose tags that accurately describe your blog content.', '2025-10-27 15:00:00');

-- --------------------------------------------------------

--
-- Table structure for table `tblmessages`
--

CREATE TABLE `tblmessages` (
  `messageID` int(11) NOT NULL,
  `conversationID` int(11) NOT NULL,
  `senderID` int(11) DEFAULT NULL,
  `receiverID` int(11) DEFAULT NULL,
  `messageText` text NOT NULL,
  `isRead` tinyint(1) DEFAULT 0,
  `sentAt` datetime DEFAULT current_timestamp()
) ENGINE=InnoDB DEFAULT CHARSET=utf8mb4 COLLATE=utf8mb4_general_ci;

--
-- Dumping data for table `tblmessages`
--

INSERT INTO `tblmessages` (`messageID`, `conversationID`, `senderID`, `receiverID`, `messageText`, `isRead`, `sentAt`) VALUES
(1, 1, 4, 8, 'Hi Hannah! I saw your succulent arrangement and I\'m interested in trading my Monstera plant for it.', 1, '2025-10-18 10:15:00'),
(2, 1, 8, 4, 'Hi Diana! That sounds great! The Monstera looks beautiful.', 1, '2025-10-18 14:30:00'),
(3, 2, 11, 17, 'Hello James! I have organic herb seeds available for trade.', 1, '2025-10-19 09:20:00'),
(4, 2, 17, 11, 'Hi Michael! Sorry, I am not interested.', 1, '2025-10-19 15:10:00'),
(5, 3, 5, 4, 'Hi Diana! I have gardening tools and I\'m interested in your Monstera plant.', 0, '2025-10-21 16:45:00'),
(6, 4, 31, 13, 'Hi David! I have a rose plant available for trade.', 0, '2025-10-22 08:15:00');

-- --------------------------------------------------------

--
-- Table structure for table `tblquiz_questions`
--

CREATE TABLE `tblquiz_questions` (
  `quizID` int(11) NOT NULL,
  `stageID` int(11) DEFAULT NULL,
  `questionText` text NOT NULL,
  `optionA` varchar(255) DEFAULT NULL,
  `optionB` varchar(255) DEFAULT NULL,
  `optionC` varchar(255) DEFAULT NULL,
  `optionD` varchar(255) DEFAULT NULL,
  `correctAnswer` char(1) DEFAULT NULL,
  `points` int(11) DEFAULT 1,
  `questionOrder` int(11) DEFAULT NULL
) ENGINE=InnoDB DEFAULT CHARSET=utf8mb4 COLLATE=utf8mb4_general_ci;

--
-- Dumping data for table `tblquiz_questions`
--

INSERT INTO `tblquiz_questions` (`quizID`, `stageID`, `questionText`, `optionA`, `optionB`, `optionC`, `optionD`, `correctAnswer`, `points`, `questionOrder`) VALUES
(1, 1, 'Which item should NOT go in regular recycling bins?', 'Glass bottles', 'Plastic bags', 'Aluminum cans', 'Cardboard boxes', 'b', 5, 1),
(2, 1, 'What do the three arrows in the recycling symbol represent?', 'Reduce, Reuse, Recycle', 'The product is biodegradable', 'Made from recycled materials', 'It can be composted', 'a', 5, 2),
(3, 1, 'How should you dispose of pizza boxes with grease stains?', 'Recycle them whole', 'Throw in compost', 'Tear off clean parts to recycle', 'Burn them', 'c', 5, 3),
(4, 1, 'What is \"wishcycling\"?', 'Hoping bins get collected', 'Putting non-recyclables in recycling', 'Buying recycled products', 'Sorting waste carefully', 'b', 5, 4),
(5, 1, 'Which plastic code is most commonly recycled?', '#1 PET', '#3 PVC', '#6 PS', '#7 Other', 'a', 5, 5),
(6, 2, 'What is the ideal water heater temperature for energy savings?', '120°F (49°C)', '140°F (60°C)', '160°F (71°C)', '180°F (82°C)', 'a', 6, 1),
(7, 2, 'Which uses more energy in a typical home?', 'Heating water', 'Lighting', 'Refrigeration', 'Electronics', 'a', 6, 2),
(8, 2, 'What is a smart power strip designed to do?', 'Reduce voltage', 'Cut power to idle devices', 'Monitor energy usage', 'Increase efficiency', 'b', 6, 3),
(9, 2, 'Which light bulb type is most energy-efficient?', 'Incandescent', 'Halogen', 'CFL', 'LED', 'd', 6, 4),
(10, 2, 'What percentage of energy can be saved by using a programmable thermostat?', '5-10%', '10-30%', '30-50%', '50-70%', 'b', 6, 5),
(11, 3, 'What is companion planting?', 'Gardening with friends', 'Growing different plants together for benefits', 'Using companion crops', 'Planting in pairs', 'b', 4, 1),
(12, 3, 'Which is a natural pesticide?', 'Neem oil', 'Bleach solution', 'Vinegar spray', 'Soap water', 'a', 4, 2),
(13, 3, 'What does \"xeriscaping\" mean?', 'Zero gardening', 'Landscaping to reduce water use', 'Using xerox copies as mulch', 'Dry climate farming', 'b', 4, 3),
(14, 3, 'Which plants help improve soil nitrogen?', 'Legumes', 'Tomatoes', 'Sunflowers', 'Potatoes', 'a', 4, 4),
(15, 3, 'What is rain harvesting in gardening?', 'Collecting rainwater for plants', 'Planting during rain', 'Watering with rain simulation', 'Draining excess water', 'a', 4, 5),
(16, 4, 'What does \"Fair Trade\" certification ensure?', 'Organic farming', 'Ethical labor practices', 'Local production', 'Biodegradable packaging', 'b', 5, 1),
(17, 4, 'Which packaging is most eco-friendly?', 'Plastic wrap', 'Glass containers', 'Mixed material packaging', 'No packaging', 'd', 5, 2),
(18, 4, 'What does \"carbon footprint\" of a product measure?', 'Weight in carbon', 'GHG emissions from production', 'Carbon content', 'Decomposition rate', 'b', 5, 3),
(19, 4, 'Which is a characteristic of green products?', 'Cheapest price', 'Longest warranty', 'Minimal environmental impact', 'Fastest delivery', 'c', 5, 4),
(20, 4, 'What does \"cradle to cradle\" design mean?', 'Products are recycled', 'Materials are perpetually circulated', 'From birth to death', 'Natural materials only', 'b', 5, 5),
(21, 5, 'What is the main goal of circular economy?', 'Eliminate waste and reuse resources', 'Increase recycling rates', 'Reduce consumption', 'Use renewable energy', 'a', 7, 1),
(22, 5, 'Which UN Sustainable Development Goal focuses on climate action?', 'Goal 11', 'Goal 13', 'Goal 15', 'Goal 17', 'b', 7, 2),
(23, 5, 'What does \"carbon offsetting\" mean?', 'Reducing personal carbon emissions', 'Compensating emissions by funding reductions elsewhere', 'Eliminating carbon from atmosphere', 'Switching to carbon-free energy', 'b', 7, 3),
(24, 5, 'Which is a key principle of sustainable communities?', 'High population density', 'Mixed-use development', 'Separated residential areas', 'Large parking lots', 'b', 7, 4),
(25, 5, 'What is \"green infrastructure\"?', 'Eco-friendly buildings', 'Natural systems for environmental services', 'Solar panel installations', 'Electric vehicle networks', 'b', 7, 5),
(26, 6, 'What is the most water-efficient way to water plants?', 'Sprinklers during daytime', 'Hand watering in evening', 'Drip irrigation systems', 'Hose spraying morning', 'c', 6, 1),
(27, 6, 'Which household activity uses the most water?', 'Flushing toilets', 'Showering', 'Washing clothes', 'Watering lawn', 'a', 6, 2),
(28, 6, 'What is greywater?', 'Dirty river water', 'Wastewater from sinks/showers', 'Contaminated water', 'Rainwater', 'b', 6, 3),
(29, 6, 'How much water can a leaky faucet waste per day?', 'Up to 5 gallons', 'Up to 20 gallons', 'Up to 50 gallons', 'Up to 100 gallons', 'b', 6, 4),
(30, 6, 'Which is NOT a water conservation method?', 'Low-flow showerheads', 'Running dishwasher half-full', 'Rainwater harvesting', 'Xeriscaping', 'b', 6, 5),
(31, 7, 'What is the main greenhouse gas causing climate change?', 'Methane', 'Carbon dioxide', 'Nitrous oxide', 'Water vapor', 'b', 7, 1),
(32, 7, 'Which sector is the largest contributor to greenhouse gases?', 'Transportation', 'Agriculture', 'Energy production', 'Industry', 'c', 7, 2),
(33, 7, 'What does COP stand for in climate talks?', 'Climate Organization Party', 'Conference of Parties', 'Carbon Offset Program', 'Climate Oversight Panel', 'b', 7, 3),
(34, 7, 'Which is a key goal of the Paris Agreement?', 'Eliminate all fossil fuels by 2030', 'Limit warming to 1.5-2°C above pre-industrial', 'Make all countries carbon neutral', 'Stop deforestation completely', 'b', 7, 4),
(35, 7, 'What is climate adaptation?', 'Reducing emissions', 'Adjusting to climate impacts', 'Studying climate patterns', 'Predicting weather', 'b', 7, 5),
(36, 8, 'What is the core principle of zero waste?', 'Recycle everything', 'Send nothing to landfill', 'Compost all organics', 'Avoid all packaging', 'b', 5, 1),
(37, 8, 'Which item is most difficult to recycle?', 'Glass jars', 'Plastic straws', 'Aluminum cans', 'Paper bags', 'b', 5, 2),
(38, 8, 'What does \"pre-cycling\" mean?', 'Recycling before use', 'Avoiding waste before its created', 'Sorting recyclables', 'Cleaning before recycling', 'b', 5, 3),
(39, 8, 'Which is NOT a zero waste practice?', 'Using reusable bags', 'Buying in bulk', 'Choosing single-serve packages', 'Repairing items', 'c', 5, 4),
(40, 8, 'What is the proper way to dispose of batteries?', 'Regular trash', 'Recycling bin', 'Hazardous waste collection', 'Compost', 'c', 5, 5),
(41, 9, 'Which food has the highest carbon footprint?', 'Local vegetables', 'Grains and legumes', 'Dairy products', 'Red meat', 'd', 4, 1),
(42, 9, 'What does \"food miles\" refer to?', 'Distance food travels', 'Nutritional value', 'Shelf life', 'Cost per mile', 'a', 4, 2),
(43, 9, 'Which is a sustainable fishing practice?', 'Bottom trawling', 'Long-line fishing', 'Dynamite fishing', 'Aquaculture', 'b', 4, 3),
(44, 9, 'What percentage of food is wasted globally?', 'About 10%', 'About 25%', 'About 33%', 'About 50%', 'c', 4, 4),
(45, 9, 'Which certification ensures organic farming?', 'Fair Trade', 'USDA Organic', 'Rainforest Alliance', 'Non-GMO Project', 'b', 4, 5),
(46, 10, 'Which transportation mode has lowest emissions per passenger mile?', 'Single-occupancy car', 'Bus', 'Bicycle', 'Electric scooter', 'c', 5, 1),
(47, 10, 'What is \"transit-oriented development\"?', 'Building more highways', 'Dense, walkable areas near transit', 'Car-free cities', 'Suburban sprawl', 'b', 5, 2),
(48, 10, 'Which improves fuel efficiency most?', 'Regular oil changes', 'Proper tire inflation', 'Using premium fuel', 'Washing car regularly', 'b', 5, 3),
(49, 10, 'What does EV stand for?', 'Eco Vehicle', 'Electric Vehicle', 'Efficient Vessel', 'Environment Van', 'b', 5, 4),
(50, 10, 'Which is NOT a benefit of public transportation?', 'Reduced traffic congestion', 'Lower emissions per person', 'Faster than driving', 'Cost savings', 'c', 5, 5),
(51, 11, 'What is green hydrogen?', 'Hydrogen from natural gas', 'Hydrogen produced using renewables', 'Colored hydrogen', 'Liquid hydrogen', 'b', 6, 1),
(52, 11, 'Which material is a sustainable alternative to plastic?', 'Bioplastics', 'PVC', 'Polystyrene', 'ABS plastic', 'a', 6, 2),
(53, 11, 'What does \"smart grid\" technology enable?', 'Faster internet', 'Efficient energy distribution', 'Automatic billing', 'Remote control of appliances', 'b', 6, 3),
(54, 11, 'Which is an example of green chemistry?', 'Using toxic solvents', 'Designing safer chemicals', 'Increasing chemical production', 'Synthetic biology', 'b', 6, 4),
(55, 11, 'What is carbon capture and storage?', 'Planting trees', 'Trapping CO2 from emissions', 'Reducing energy use', 'Recycling carbon', 'b', 6, 5),
(56, 12, 'What is the Great Pacific Garbage Patch?', 'Island of trash', 'Concentration of microplastics', 'Natural seaweed accumulation', 'Fishing net graveyard', 'b', 5, 1),
(57, 12, 'Which human activity most threatens coral reefs?', 'Recreational diving', 'Climate change', 'Scientific research', 'Underwater photography', 'b', 5, 2),
(58, 12, 'What causes ocean acidification?', 'Plastic pollution', 'CO2 absorption', 'Oil spills', 'Sewage discharge', 'b', 5, 3),
(59, 12, 'Which is a marine protected area?', 'Private beach', 'Fishing ground', 'Conservation zone', 'Shipping lane', 'c', 5, 4),
(60, 12, 'What percentage of ocean is fully protected?', 'Less than 3%', 'About 10%', 'About 25%', 'About 50%', 'a', 5, 5),
(61, 13, 'What is deforestation?', 'Forest management', 'Clearing forests permanently', 'Selective logging', 'Forest fires', 'b', 4, 1),
(62, 13, 'Which product is most linked to deforestation?', 'Organic cotton', 'Bamboo furniture', 'Palm oil', 'Recycled paper', 'c', 4, 2),
(63, 13, 'What is afforestation?', 'Cutting trees', 'Managing forests', 'Planting new forests', 'Studying trees', 'c', 4, 3),
(64, 13, 'Which certification ensures sustainable forestry?', 'ISO 9001', 'FSC', 'USDA Organic', 'Fair Trade', 'b', 4, 4),
(65, 13, 'What is old-growth forest?', 'Mature native forest', 'Tree plantation', 'Urban park', 'Protected area', 'a', 4, 5),
(66, 14, 'What is passive house design?', 'No active systems', 'Ultra-energy efficient building', 'Solar powered home', 'Natural materials only', 'b', 6, 1),
(67, 14, 'Which building material has lowest embodied energy?', 'Steel', 'Concrete', 'Wood', 'Aluminum', 'c', 6, 2),
(68, 14, 'What does LEED certification measure?', 'Building height', 'Energy efficiency', 'Environmental sustainability', 'Construction speed', 'c', 6, 3),
(69, 14, 'Which is a green roofing option?', 'Asphalt shingles', 'Metal roofing', 'Living roof', 'Clay tiles', 'c', 6, 4),
(70, 14, 'What is greywater recycling in buildings?', 'Treating sewage', 'Reusing sink/shower water', 'Collecting rainwater', 'Filtering pool water', 'b', 6, 5),
(71, 15, 'What is environmental justice?', 'Equal protection from environmental hazards', 'Environmental laws', 'Climate agreements', 'Green policies', 'a', 7, 1),
(72, 15, 'Which is an example of citizen science?', 'Government research', 'Academic studies', 'Public participation in research', 'Corporate R&D', 'c', 7, 2),
(73, 15, 'What is a community garden?', 'Private vegetable plot', 'Shared gardening space', 'Botanical garden', 'Farmers market', 'b', 7, 3),
(74, 15, 'Which policy tool reduces plastic bag use?', 'Subsidies', 'Bans or fees', 'Advertising', 'Education only', 'b', 7, 4),
(75, 15, 'What is the most effective way to create change?', 'Individual action only', 'Government regulation', 'Combined individual and systemic action', 'Corporate initiatives', 'c', 7, 5);

-- --------------------------------------------------------

--
-- Table structure for table `tblquiz_stages`
--

CREATE TABLE `tblquiz_stages` (
  `stageID` int(11) NOT NULL,
  `stageName` varchar(100) NOT NULL,
  `stageOrder` int(11) NOT NULL,
  `description` text DEFAULT NULL,
  `points` int(11) DEFAULT 10,
  `unlocked` tinyint(1) DEFAULT 0
) ENGINE=InnoDB DEFAULT CHARSET=utf8mb4 COLLATE=utf8mb4_general_ci;

--
-- Dumping data for table `tblquiz_stages`
--

INSERT INTO `tblquiz_stages` (`stageID`, `stageName`, `stageOrder`, `description`, `points`, `unlocked`) VALUES
(1, 'Recycling Champion', 1, 'Master the basics of recycling and waste management', 25, 1),
(2, 'Energy Saver', 2, 'Learn to conserve energy in your daily life', 30, 0),
(3, 'Green Gardener', 3, 'Discover sustainable gardening practices', 20, 0),
(4, 'Eco Shopper', 4, 'Make smart choices when buying products', 25, 0),
(5, 'Sustainability Expert', 5, 'Become a community sustainability leader', 35, 0),
(6, 'Water Guardian', 6, 'Learn about water conservation and protection', 30, 0),
(7, 'Climate Defender', 7, 'Understand climate change and solutions', 35, 0),
(8, 'Zero Waste Hero', 8, 'Master the art of waste reduction', 25, 0),
(9, 'Sustainable Foodie', 9, 'Explore eco-friendly food choices', 20, 0),
(10, 'Green Commuter', 10, 'Discover sustainable transportation options', 25, 0),
(11, 'Eco Innovator', 11, 'Learn about green technology and innovation', 30, 0),
(12, 'Ocean Protector', 12, 'Understand marine conservation', 25, 0),
(13, 'Forest Guardian', 13, 'Learn about forest conservation and management', 20, 0),
(14, 'Green Builder', 14, 'Discover sustainable construction practices', 30, 0),
(15, 'Community Leader', 15, 'Become an environmental advocate in your community', 35, 0);

-- --------------------------------------------------------

--
-- Table structure for table `tblregistration`
--

CREATE TABLE `tblregistration` (
  `registrationID` int(11) NOT NULL,
  `eventID` int(11) NOT NULL,
  `userID` int(11) NOT NULL,
  `datetimeRegistered` datetime NOT NULL DEFAULT current_timestamp(),
  `status` enum('active','cancelled') NOT NULL DEFAULT 'active'
) ENGINE=InnoDB DEFAULT CHARSET=utf8mb4 COLLATE=utf8mb4_general_ci;

--
-- Dumping data for table `tblregistration`
--

INSERT INTO `tblregistration` (`registrationID`, `eventID`, `userID`, `datetimeRegistered`, `status`) VALUES
(1, 1, 7, '2025-10-16 08:30:00', 'active'),
(2, 1, 10, '2025-10-18 13:20:00', 'active'),
(4, 1, 5, '2025-10-20 10:00:00', 'active'),
(5, 1, 8, '2025-10-24 14:45:00', 'active'),
(8, 2, 7, '2025-10-22 08:30:00', 'active'),
(9, 2, 5, '2025-10-23 11:40:00', 'active'),
(10, 2, 9, '2025-10-26 09:50:00', 'active'),
(12, 3, 6, '2025-10-21 15:10:00', 'active'),
(13, 3, 4, '2025-10-22 09:50:00', 'active'),
(14, 3, 8, '2025-10-28 11:25:00', 'active'),
(16, 4, 9, '2025-10-29 16:10:00', 'active'),
(18, 5, 4, '2025-10-25 16:00:00', 'active'),
(19, 5, 7, '2025-10-25 16:00:00', 'active'),
(20, 5, 10, '2025-10-30 09:45:00', 'active'),
(21, 6, 9, '2025-11-03 10:30:00', 'cancelled'),
(23, 7, 8, '2025-11-08 15:00:00', 'active'),
(24, 8, 4, '2025-11-01 17:00:00', 'active'),
(25, 8, 6, '2025-11-06 09:00:00', 'active'),
(26, 10, 7, '2025-11-10 13:15:00', 'active');

-- --------------------------------------------------------

--
-- Table structure for table `tbltag`
--

CREATE TABLE `tbltag` (
  `tagID` int(11) NOT NULL,
  `tagName` varchar(50) NOT NULL,
  `createdDate` datetime DEFAULT current_timestamp()
) ENGINE=InnoDB DEFAULT CHARSET=utf8mb4 COLLATE=utf8mb4_general_ci;

--
-- Dumping data for table `tbltag`
--

INSERT INTO `tbltag` (`tagID`, `tagName`, `createdDate`) VALUES
(1, 'sustainability', '2025-10-23 14:23:52'),
(2, 'climate change', '2025-10-23 14:23:52'),
(3, 'renewable energy', '2025-10-23 14:23:52'),
(4, 'eco-friendly', '2025-10-23 14:23:52'),
(5, 'green living', '2025-10-23 14:23:52'),
(6, 'organic', '2025-10-23 14:23:52'),
(7, 'recycling', '2025-10-23 14:23:52'),
(8, 'conservation', '2025-10-23 14:23:52'),
(9, 'urban farming', '2025-10-23 14:23:52'),
(10, 'environmental', '2025-10-23 14:23:52'),
(11, 'vermicomposting', '2025-10-25 13:53:56'),
(12, 'native plants', '2025-10-25 13:53:56'),
(13, 'companion planting', '2025-10-25 13:53:56'),
(14, 'zero waste', '2025-10-25 13:53:56'),
(15, 'solar energy', '2025-10-25 13:53:56'),
(16, 'community building', '2025-10-25 13:53:56'),
(17, 'bees', '2025-10-25 13:53:56'),
(18, 'upcycling', '2025-10-25 13:53:56'),
(19, 'urban forestry', '2025-10-25 13:53:56'),
(20, 'marine conservation', '2025-10-25 13:53:56'),
(21, 'youth activism', '2025-10-25 13:53:56'),
(22, 'permaculture', '2025-10-25 13:53:56'),
(23, 'energy efficiency', '2025-10-25 13:53:56'),
(24, 'wildlife photography', '2025-10-25 13:53:56'),
(25, 'policy advocacy', '2025-10-25 13:53:56');

-- --------------------------------------------------------

--
-- Table structure for table `tbltickets`
--

CREATE TABLE `tbltickets` (
  `ticketID` int(11) NOT NULL,
  `subject` varchar(255) NOT NULL,
  `category` enum('technical','account','billing','feature','bug','general','other') NOT NULL,
  `priority` enum('low','medium','high','urgent') NOT NULL,
  `status` enum('open','in_progress','solved','closed') DEFAULT 'open',
  `description` text NOT NULL,
  `userID` int(11) DEFAULT NULL,
  `username` varchar(100) DEFAULT NULL,
  `userEmail` varchar(255) NOT NULL,
  `adminAssignedID` int(11) DEFAULT NULL,
  `isUnread` tinyint(1) DEFAULT 1,
  `createdAt` timestamp NOT NULL DEFAULT current_timestamp(),
  `updatedAt` timestamp NOT NULL DEFAULT current_timestamp() ON UPDATE current_timestamp(),
  `lastReplyAt` timestamp NULL DEFAULT NULL
) ENGINE=InnoDB DEFAULT CHARSET=utf8mb4 COLLATE=utf8mb4_general_ci;

--
-- Dumping data for table `tbltickets`
--

INSERT INTO `tbltickets` (`ticketID`, `subject`, `category`, `priority`, `status`, `description`, `userID`, `username`, `userEmail`, `adminAssignedID`, `isUnread`, `createdAt`, `updatedAt`, `lastReplyAt`) VALUES
(1, 'Cannot upload profile picture', 'technical', 'high', 'open', 'I keep getting an error when trying to upload my profile picture. The error says \"File too large\" but my image is only 2MB.', 4, 'Diana Prince', 'diana@example.com', 1, 1, '2025-10-14 02:13:20', '2025-10-20 06:43:50', '2025-10-20 05:25:57'),
(2, 'Account verification issue', 'account', 'medium', 'open', 'I submitted my documents for account verification 3 days ago but still haven\'t received any confirmation. How long does this process usually take?', 5, 'Evan Lee', 'evan@example.com', 2, 1, '2025-10-14 02:13:20', '2025-10-14 02:13:20', '2024-01-15 08:45:00'),
(3, 'Premium subscription payment failed', 'billing', 'urgent', 'open', 'My credit card was charged twice for the premium subscription this month. I only authorized one payment. Please refund the duplicate charge immediately.', 6, 'Fiona Green', 'fiona@example.com', 3, 1, '2025-10-14 02:13:20', '2025-10-14 02:13:20', '2024-01-15 02:15:00'),
(4, 'Feature request: Dark mode', 'feature', 'low', 'in_progress', 'Would love to have a dark mode option for the application, especially for nighttime browsing. This would be really helpful for reducing eye strain.', 7, 'George White', 'george@example.com', 1, 0, '2025-10-14 02:13:20', '2025-10-14 02:13:20', '2024-01-14 10:20:00'),
(5, 'Blog post editing bug', 'bug', 'high', 'in_progress', 'When I try to edit my existing blog posts, the formatting gets messed up. Line breaks disappear and images get displaced. This happens consistently across all my posts.', 8, 'Hannah Black', 'hannah@example.com', 2, 0, '2025-10-14 02:13:20', '2025-10-14 02:13:20', '2024-01-14 07:10:00'),
(6, 'How to reset password?', 'account', 'medium', 'solved', 'I forgot my password and the reset link in my email is not working. It says \"link expired\" even though I just requested it 5 minutes ago.', 9, 'Ian Clark', 'ian@example.com', 3, 0, '2025-10-14 02:13:20', '2025-10-14 02:13:20', '2024-01-13 03:30:00'),
(7, 'Trade item not received', 'general', 'high', 'solved', 'I completed a trade 2 weeks ago but haven\'t received the item. The other user is not responding to my messages. Can you help mediate this situation?', 10, 'Jane Doe', 'jane@example.com', 1, 0, '2025-10-14 02:13:20', '2025-10-14 02:13:20', '2024-01-12 01:45:00'),
(8, 'Event creation guidelines', 'general', 'low', 'closed', 'Where can I find the guidelines for creating events? I want to make sure my event follows all the community rules before posting.', 4, 'Diana Prince', 'diana@example.com', 2, 0, '2025-10-14 02:13:20', '2025-10-14 02:13:20', '2024-01-10 06:20:00'),
(9, 'Mobile app crashing', 'technical', 'urgent', 'closed', 'The mobile app crashes every time I try to open the chat section. I\'m using iPhone 13 with iOS 17.2. This started happening after the latest update.', 5, 'Evan Lee', 'evan@example.com', 3, 0, '2025-10-14 02:13:20', '2025-10-14 02:13:20', '2024-01-08 08:55:00'),
(10, 'General inquiry about points system', 'general', 'low', 'open', 'How does the points system work? I noticed my points increased but I\'m not sure what actions earned them. Is there a breakdown available?', 6, 'Fiona Green', 'fiona@example.com', 1, 1, '2025-10-14 11:46:39', '2025-10-20 04:20:55', NULL),
(11, 'Testing Needed', 'technical', 'low', 'open', 'Test', 31, 'User31', 'testing@gmail.com', 32, 1, '2025-10-25 05:53:28', '2025-10-27 13:19:30', '2025-10-26 02:26:09');

-- --------------------------------------------------------

--
-- Table structure for table `tblticket_attachments`
--

CREATE TABLE `tblticket_attachments` (
  `attachmentId` int(11) NOT NULL,
  `ticketId` int(11) DEFAULT NULL,
  `responseID` int(11) DEFAULT NULL,
  `fileName` varchar(255) DEFAULT NULL,
  `fileData` longblob DEFAULT NULL,
  `fileSize` int(11) DEFAULT NULL,
  `fileType` varchar(100) DEFAULT NULL,
  `uploadedBy` int(11) DEFAULT NULL,
  `uploadedAt` timestamp NOT NULL DEFAULT current_timestamp()
) ENGINE=InnoDB DEFAULT CHARSET=utf8mb4 COLLATE=utf8mb4_general_ci;

--
-- Dumping data for table `tblticket_attachments`
--

INSERT INTO `tblticket_attachments` (`attachmentId`, `ticketId`, `responseID`, `fileName`, `fileData`, `fileSize`, `fileType`, `uploadedBy`, `uploadedAt`) VALUES
(1, 11, NULL, 'Screen Shot 2025-10-23 at 14.25.39.png', 0x89504e470d0a1a0a0000000d49484452000002f0000005380806000000c9bae32d0000200049444154785eecdd0bfc1663fefff14f27f5eda4f3b944271d449410962ca56543ebb408ad3f65c3eeb65afd0a4bceb6dd65a3589b1539ae68d9c8ae2c3955484991249d43a9743efee77333df9def7ce778cf7d9ab95ff73e3c76d73d33d7753dafb9efef7baefb9a6b2aec335ec20b010410400001041040000104f22eb07af56af9faebaf53f568d8b0a1346ddab44c9d2ae88b009ff77ea2020820800002082080000208c8aa55ab64cd9a3565249a346922cd9a352bfd7704784e1404104000010410400001040a4460debc79b27bf7ee32b5a95cb9b274edda95005f207d443510400001041040000104102815f8e0830f1c350e3ffc70023ce7090208208000020820800002852640802fb41ea13e0820800002082080000208780810e0393d1040000104104000010410889100013e469d4555114000010410400001041020c0730e2080000208208000020820102301027c8c3a8baa22800002082080000208204080e71c400001041040000104104020460204f81875165545000104104000010410408000cf398000020820800002082080408c0408f031ea2caa8a0002082080000208208000019e73000104104000010410400081180910e063d45954150104104000010410400001023ce7000208208000020820800002311220c0c7a8b3a82a02082080000208208000020478ce010410400001041040000104622440808f51675155041040000104104000010408f09c030820800002082080000208c44880001fa3cea2aa082080000208208000020810e039071040000104104000010410889100013e469d4555114000010410400001041020c0730e2080000208208000020820102301027c8c3a8baa22800002082080000208204080e71c400001041040000104104020460204f81875165545000104104000010410408000cf398000020820800002082080408c0408f031ea2caa8a0002082080000208208000019e73000104104000010410400081180910e063d45954150104104000010410400001023ce7000208208000020820800002311220c0c7a8b3a82a02082080000208208000020478ce010410400001041040000104622440808f51675155041040000104104000010408f09c030820800002082080000208c44880001fa3cea2aa082080000208208000020810e039071040000104104000010410889100013e469d4555114000010410400001041020c0730e2080000208208000020820102301027c8c3a8baa22800002082080000208204080e71c400001041040000104104020460204f81875165545000104104000010410408000cf398000020820800002082080408c0408f031ea2caa8a0002082080000208208000019e73000104104000010410400081180910e063d45954150104104000010410400001023ce7000208208000020820800002311220c0c7a8b3a82a02082080000208208000020478ce010410400001041040000104622440808f51675155041040000104104000010408f09c030820800002082080000208c44880001fa3cea2aa082080000208208000020810e039071048b0c0ce9dbb44ffd9bb776f825b49d31040000191ca952bcb7efb5531febb121c08245e80009ff82ea681c526b06edd06f966ddb7f2edb71b8de0beafd89a4f7b1140a0c80534c437a85f571a35aa27d5ab9714b906cd4faa00013ea93d4bbb8a4e60ed57eb64c58a35b263c74ea951a3446ad7ae2925d5aa4a55e39f4a152b169d070d460081e212d8b96b57eafb6fcbe6adb271d366d9b56bb7d4ad5b5b0e68d5dc08f2d58a0b83d6265e80009ff82ea6814917d0e9319f2e5a9a1a71af5b777f39b07573a96684765e08208040310b7cf3cdb7f2e5b255a96984eddbb596faf5eb1433076d4f9800013e611d4a738a4f60fec79fc92663b4e9a0035b4a93260d8a0f8016238000022e023ac0b160e1e7a9efc8b66d5a19d36aea638540220408f089e8461a51ac028b3e5b2a3acad4b6ed01d2a861bd6265a0dd08208080a78039d0d1a573bbd4f4425e08c45d80001ff71ea4fe452ba037ab7ebae80b69d5b2a9b468d1a4681d6838020820e027b07bf71ef968fea7b267cf5e39bc5b67a958b182df2ebc8f40410b10e00bba7ba81c02ce02babacc9c391f4b1563b585ae8774800901041040c04760ebd66df2e1dc4fe480039a49f3668df14220d60204f858771f952f5681f5eb37ca279f2e9143bb7630569ca95eac0cb41b0104100825f0d9e22f65e3c6efa4fb115d42edc7c608149a00013e628fec937df2fd0f71fc1c179192dd4308e81f215d2aedb0c33a86d88b4d11400081e216d0e5253f366efc3fb4ebc1a9e5767921105701027c867a6edfbebd52a1026b6d678893c3f808bcffc1c7d2b0413d69d5aa295608208000022104de9d3937f5ddd9ac69a3107bb12902852540808fd81fbb766d97ddbbb74b49491d21c447c464f7c002efbc3bc75812ed0069c8ca3381cdd81001041050818f3e5a24356a563796de6d010802b11520c0a7d975fbf61953672a54908d9bd7c87f66ff458eea7abe34afdf45f61a23f11519894f5395dd8208e8bac63a82d4b1631ba95ba776905dd80601041040e007015d7e5757a3e978f0419820105b01027c9a5d6706f5351be6cba4d7ff9fec911239afd79fa455834319894fd394dd8209e87268b366cf93ce9ddacafefbd70ab6135b2180000208a4043eff7c996cdfb133f51d9a94d7c2850b65ecd8b1c6fcfe8f0ba2499d3b7796abaeba4a0e3ef8e082a84f122b41804fb357cde9326f2ffcabcc587eb3acddb4451aec77980c3aeeafd2a46e1b427c9aaeece62f4080f737620b041040c04d2069017ef9f2e5d2ae5d3bd9b1634741757af5ead565f1e2c5d2b429f76a65a36308f0115477efdd290f4f3f5fbedcfaaa6cd929c67a3425d2aaea3172d5a98f49e54ad55247d66936bc10c8a400013e939a1c0b01048a4d206901fec61b6f949b6fbeb920bbf1b6db6e931123461464dde25e29027c1a3db877df1e639e7b2599ffe52bf29f25c365f9da2f65f7ae2ab2b74a25a95ea9aaf46a3a547e7aec6f990f9f862dbbf80b10e0fd8dd802010410289611780def1ae20bf1357af46819356a5421562df67522c0a7d1857a03abbefefe9f5fc8aabdafc9b235eba4c2be5a52b1aa7103ab312adfa8625bb9bccf63d2a45e3ba6d2a4e1cb2ede020478ce10041040207d81a48dc017ea149a92921259b264893469d224fdce624f5701027cc893c39cfbfed1d2a9f2d28211f2cdae95f2f5863db26d7355a95557a492184b4aeeab2a4736bf54cefbd11dc6d1bf5fad86577108bcf2caeba50dad5b777fe9d1e3b08c379c009f71520e880002452490b400af5da737afde77df7db260c18282e8c9ae5dbbcad0a143a57dfbf605519f245682009f46afeedd23f2b75706cab25dafcab73b37cbc62d25f2edba9d52b7c13ea95cb1a254dc55419a566a2fc307fc536ad768900af185f0a4d6f5ebbf95f7de9b17a8c5a79cf2a340dba5bbd1e79f2f355602f832eb6137ddfa85dd6ffcf88972edb5a365b3f17454ebebda6b87c85d7765f6e7c34c06f875ebd6cb679f7d21ebd76f30464abe346e366a6c3cd3a09a1c72c8c1d2b265f3b00c89dc7ed1a2cf53edaa5fbfaef14fbd44b6914621504c02490cf0c5d47fb4f57b01027c8833c15c3af2eb6fbf90bf4c3d53beabbc5236eed92edb7696c88e2dd5a57ebd8ab263d726a928d5a476e55a72e1117f90233bfcc4980bfffd9cf97cbf7474b84f9f9f07aec639e79c2eb7dd769db469d33af03e41371c3efc16b9fbee71a59bf7ecd94dde7df7c5a0bb17d4761ade870c71be4967dab4c725d317439908f05bb76e93e79e7b49e6ce751fad69d5aa99f4efdfa7e883bc9eabfa3ae184a3a55fbf930aeadca3320820105e80001fde8c3d0a4f80001fa24ff61a43ef152b56927f7f30d6b879f54ed9b473af6cdcf99decab5c492a6f6d23c7773845defe72bcecdc57457657da217d9b0f954b7e64fcf1af5018d368c20678a5a9693cad6efaf467323e15244901be56ad76e546decdd36addbaf952af9e31b72a83afa8015ec3fbfdf7ff5dbefa6a5daa5655abee278d1beb2f45dfbfd6aefdc6588ecc5856e987f72ebffc82a20ef104f80c9ebc1c0a81021020c01740275085c80204f81084dfdfbc5a411e7ef94af970c3d3b2657765d9b267abec3566be6ffbb68e5c76dc8df2c29c9b65a3ac3756a4d92387d73c5dfeefccc7a50006df53ad4c27c09b21fec30fff9dd191f8a40478275373d45da70965e3d78ba801fea1871e97458b96a4ce091d553ee18463a47af592329f84d75e7bcbb8707b2b15e435e08f187155b96d427c7462bd29013ed6dd47e51128274080e7a4488200013e642feede2572ef3fcf91f9df4d955d156ac83623c057a850c508f0b565d88f1f907f2fb85b3edb325b76ecdb2bed2a1d29770e7cd95813be4ac852b2b3b953d8dcb76f656961e61cf93163c61b61ff8d3295d0e9344f3d353e63154b6a80cfc554a028015ee7bcdf79e7fda97e3cf4d04e72c10567b9f6e9bbefbe2f9327bf947affacb34e95a38e3a2263fd1fa70311e0e3d45bd415017f0102bcbf115b14be00013e641fedd92d72cf948b65cec6e7648754955d7bb71973deabc89ead0d6564dfc765e617f7c99babff21df6daf2c2df6759031974c939a25fb1bb7b11ad3688cffe4f3e517e0ad75ebd3e7fc3221be69d346b26ad51cd7eaebb1df7f7f9e7cfbed46d1d5577efce3e33ca7dd643ac0eb68f77befcd35eaf051aa8e471c71889c7cf2f1a1a6af681bfef39f19a56dd436b8cd5f37579bd136ffdfffe96a43dfbf0e3eb88ddc73cfe8d2ff9fe9f9ef7ae028015e6fc87ce8a12752f5bbecb2f38d1502da789e9263c74e48bddfbdfba19e01de7a33ac6edfb66d6bdf635b0b76dabf458b669ea3fee6cda5e6767a8c79f316cab66ddb8d7eafe3585f9d3eb462c52ae3e9804b53c5376fde445ab468ea7973aa5380d7b2cd63846d6b3ebf03281b0104c4584061996c377e5decdca92d1c08c45680001fa2ebf61873e02b1973e09f78ed0ef9d7d23f185368f6c99e7d3ba5b211e0777f57576e1b3045e62e7f5ca62cbe57b6eea82a0d761e287fbcf425a957aba1b1108d31fd26cfcb498609f04f3d3545ce3befca323ad6d17af38ddb6fff8b71a3ebbd8e73c035f4ffe94fbf9773cfed5f4e3953015e83fb05170c9599339d2f2ef4978371e36e770df2faabc31d77dc676cf388631bf41e809ffffc4cb9fdf611658e51a142b0155a9ccc429c728e9be632c0fbd5d5eb66589d7ad3bb772f39f1c45eae87d120ace7e5b265abca6da3fb1f7df411ae378e9ac15a2f4474151df3d7023d90de803b74e8a032c79c3af55579e79df74be7f75bdfd45f23ce3cf354c70b066b80d7d5791e79e419d9b469739963d7ae5d53f45cf3bb20f2f3e47d0410c8be00013efbc694907d01027c086373159a25ab3e9151537e229b659dec4a0578638599cd8d65dca0ffca475f4e93073fb84e76ecdc2a7577b793b1bf982e756bd68bdd087c90b07feeb983e5e9a75ff015749a7e9389003f7bf68746403cdbf50652b3626e37e26a78efd5abbf7cf2c9f7cb047abd7464fdadb7a69486f8b80678eb149af6ed0f3246e183af4a64f7b1df0cab21b64e9ddaa9cdac81dc6daacedcb91fcba449cf951ed6babff5465a9d963460c04fca758f3558fff7bfef9479df1ee0274d9a5c66c51d7d5f5ff61b767ff5abcbca8dc69be5683b3ef96471ea02c06dff62bfe1d7ef73c4fb0814820001be107a813a441520c087144cddc8baaf82dcf9dc107967d564d9567983ecdab34faa6feb22cffffa0399fafe78f9dbdc1b8c9fe7364ae3bd9de4fecbdf905a25b58c01f8fcaf441324949b1c3ab26e9d1aa2ffde3a9a6c0fe0fabe062d0d396fbcf16eb950aca3e083070f2cd58e1ae0357c1f70c09165c2bb8ef81f775c4fd9b061a3bcfdf67be5deb34f0172ba0039e594e38d367436c2dec7e5ee03b0aee97ed451a7a5dab271e3a6326dd58b85ce9d3b94b6331b4b63461981d78ae9b4183360376a543f35d548db1cf6651e4747ca7ff29393ca4c59d170fff8e3cf95de2c7bc10567962943dfd773ccbc49f6673ffb49b9f7adcb5cfeee7757ba066badb7b6e3a73f3dc571045c47decd80ef34d2ae37ecbef4d26ba9e63b8ddc9b01de2ce7d24bcf2d5397679ffd57e92f40512f8ac2f601db23804078812406f8850b171adfed63530f742a8457e7ce9de5aaabae32a6951e5c08d549641d08f021bbd50ce29bb67c2bd73f36503edafa6f639599126957729a8cbdf45199f8fa2df2e4a77f945dbbbe93832a1e250ffef27563da4dc590a56467f3a001de6964db7a73a64e5b69dbb6ecb408fb7ae7f6b5d1ed73e8a306787bf8d6e0fdc413f7978e903b8dae5b2f22f4fd7efd2e2a0d5e4ea3f4f68b18a7fb00eca6857e13ab9e59f69173fd773afa7de081ad8c55730e90ae5d3bf9ae38631d3db78773ebd97bcb2d7f4e4d37d1e38f1af5abd2b7b40e33677e90ba6fc22d78eb36bffffd98d43ea79e7a62b9a93866b0d663ffe6375738d6d97aa1e014cecd0a5943bcfd62214839d68ba24c3fb82b3bdf061c1581e215485a805fbe7cb9b46bd7ce1810d951509d5abd7a75e35ea1c5c603029b1654bd925219027c1a3d6986f8af37ac919bfe7199acdab0442ee8315206fce802b973f2953275c54463bafb5ee959eb0cb9fda2c7c598365f102fa700af81d3fab28f289bef3df9e4fda573d9edc156a70d3cf0c05de5da680fd9d663440df0f6b5d79dd65bb75f68e83498850bcbaeaea395d6ed740e758f1e8795698386fcfaf5bb94f977f639ed710cf06683bce684eb4872972e1d5c6f5c3597a2d491efdffe7688ebf96d5dc9e6aaab2e0dbd9ebcd70a30415687b10673aff235e87ff6d912c75f22cc72dca6f268e3ade5fcfef7c37c2f800ae20b814a2050a402490bf037de78a3dc7cf3cd05d99bb7dd769bb10cb1f3830e0bb2c231aa14013ecdce32e7c36fdefe9dfce3d5bfc969c79c2f0dea3696df3f7191fce79b67a5e2befde4e7ed7e27834f1d217bf7ee351e0095ff51f874d781b7cf61d7e923d69b46f569ad471cd1b59ca44e2d78f0c149a5ffde3a05254a80b7b7c3bef28bb52203065c56662a4d909b4a35d07ffef997e2b49c669202bce9a4a3e9f3e77f2a5f7cb1acdccd993a6a3d68d0f9e502e9f5d7df959afee2f77452eb9c7baf917afbc963ae4a63de98ea544e90006f5e68d87f0108f3b10f524ed8d57dc294cfb60820905981a405780def1ae20bf1357af468e3d7d7518558b5d8d789001fa10bed4b43eeddb3572e1b7782bcbf6b86d4dc73908cee3d5e7a1f7eb211e0bf7f826bbe5f6103bc4e2b1932e462b14f09e8d8f1f840377edadb9ba900efb4424e505b7b00d751f6071e78cc9823fdb67cf4d127b27af5579e874a6280b73678f9f295a9e511df7a6b766998d751f62bafbca44c88b7ce0b0f6aef16f6f50242cb5cbd7aad71ffc2a67217117afc7403bc39b5c56bfa8c5ffd09f07e42bc8f40bc049216e00b750a4d4949892c59b2449a346912af132426b525c047ec289d4ea3a3f1babce4daf52b65e0fdbd64cd7e2b65ff5d1de4992b5f95c6c6a87c21dcc0aacdf49b42f3f1c79f9619ad769bcf1d7405163badce539f36edfb35c8a38cc03bdd401bb41b67cdfa57e95499a0abd8588f9df4006f6dab75e5167b80ce4480d7e0fe8f7ffccb715947bd31f6e083db96ae1c43800f7a86b31d0208f809242dc06b7bf5e6d5fbeebb4f162c58e0d7fc9cbcdfb56b576329dfa1c6c202ed73525e31164280cf40af9bebc34f9bfbac8c9e36d8783aeb2ee95ee774193ff851e3e8f95f7dc66ca2df4dac4eefdb6f4ed563d9a7d0e8149b030e68e12b79d041ad4a57a28912e0edf5d49b4b2fbc70806ff9bac115575c68dca8d9da98f35e7e151bfdc5a15fbf93526dd10741e9c38bec37eb16538057af3ffc619c7cf5d5ba72abb3589756ecd1e3d040f6f5ebd72d5dbdc53ae544c3fa6187754e3dfca9a4a45a999564a2ce8167043e50d7b01102452590c4005f541d4863530204f81027824e99d9678cb67f3fa25e31f564d50ac6c399524b4b1afffbdaa72e9657963e255577d6931127df23671d7db698e1fefb6d529b69a64fed97eb975f80770ae74ea3f0f6a7b45a6f4e0ddaa628015e47ce8f3cf27feb82bbdd9cea5517fb8db8dacea9531f2df7c027fbaf0d710ff0e6d34b3528b76ce9ff302a3300db6f56355797f1bab1d3cbdf1cddd7f0eeb5767ad4006f2d67f4e8e1414fcf32db3185262d367642a0600508f005db35542c8400013e2096df8da89bbedb28a78e3d4cbed9b7429aec6a2fcf0f9b917a80d3de7d7b7e08fae56f62d5f72a1a1702dfa7faecbf820478a76dec6bb8dbc3af756a8cb5157a2c5d26506f70eddebd6b99701c25c06b19f65568ac5363ac75d0727434fda0830e28b3ca8cbd7c7b1bf518419e461bb75568ac6bb70709b46650777b3092dfcda1baba4bf5ea25e54eee2023e3d66524d39d42635d05479fd8eaf6a4542deba597a68b3e69b5458b668ef3fdbd6ed8e526d6ec7f7f510202991220c0674a92e3e45380001f427fc3e6f5327fe51cd9f0dd26a95352575a35692d4dea3493fd2aed270ffffb3eb973ceb5b26f6b15b9b4cb6fe5ba01d7cb1e23a0ebdc787de98dac5bb6ad371efab443aa55ad292555ea482abbeb7ba9209ffd9b5c830478ad8f7d8a8c7dfd73a7e927d61b54f5185a967d0518eb741c7b800e320de6c73f3e4e4e39e5472933fbfe3a0a3f71e2bda5215deb3864c888324f8ab5fe9a60dfdf7e11e2f694d6b88fc05b1f6ae4b7828c756944fbb6d6c0eab446bbf9b132cbb3af66e336b26ffd385a1f90946e80b7ae03efb5e4a5d5c5bedc642646e0f5e660bd495aa709395d44447d3fc4d7189b2250f40204f8a23f0512014080f7e946f3c9ab7f7b639c4cf8ef7d5261ef2ed9b4df1ed95d718bd4dd574bce38f07c1976ee28e97beb61f259854fa4c19603e55fc3df96c6f51aa58ebc71db6a79ff8be7e58b556fca775b964be52a7b65cf9edad2a85e07e9d0ec58e9d4fc14a9b65fad9c04f9a001dee9414dba54e4881157956a393da9d57c0ae9b2652bcbade6629f8a93ce8da8d68b040dd85dbaf42e578e06f9fdf7af5d66994bb3d2d60b08a7d175ddf7f4d34f493d85d5fe2457f318710ff0d640ab6dd2f5de8f3fbe679950a9ed9f3d7b6ee95354759a8bf6bd7d24dd5ca2518fa3fdab21bb7efd7a292a2d4757f6319f806a1fc1b75e1ce8bea79edabbf4f8e668b875a9d27403bcd6c5fea4d5f3cf3fc3b59e4e4f528d1ae07549cc3ffff9a1d29b75ed0f8a8afa7e22fe12d1080472284080cf213645654d8000ef416b4e9b7976c61332fc9daba4e6ce5a7275b76ba5d90107ca275fcd9399efcc90df9e394a167db340ae7ffd6ad9b7bdaa5c77eced72f9a997a746d5e72d795d9e9f7bbd6c9125b265fb06a9247ba5ea9eaab2ab5215912a15a46e496da95da1931cd3ee177264bb9f968ec26bb93a473ed3f3e483067825b13f8449c3f9975fce2a330de68a2b869759e7dd8d5283f15b6f4df19c4213e40cb78ff2eb5cf8fefd2ff55dfa518fed3445c6fe4b83bd0e3a37dbba8ebdbe1ff700af6dd0d15e6d97aee3eef7f29aa3eef44457dd5effd1a7af9a2fa765289df6d590bf7dfb8ed44db3e645812e2db96cd9aab4979134eb605d51c7adcd4ef5d46da30678ebaf157a3cfb7af851dff7eb43de470081b2020478ce88240810e07d7af1bb2d9be4f85b8e902af54b64f215ff9216b55a96ee61647459b97e859cfe979365e5ced5d2b3f64932e5ba6765c7eead52b5627579e5fd09f2dccc31b2a5ca37b2b5c256a95ca9a2ecb7bbbaecabb853f6edb74df6abbc4f76efdc2b756a359326557bc84f0e1d2add0e383e6b53e2c30478a751787b8056083de60d37dced38e26d4e8b717ab47cd41178b3137424fe8e3bee3302fa236596c034dfd7a931b7dcf2bb724f59d5f775df11236e2f17d2adebdf27ed2656d34503f473cfbd64ace7bfd87319c733cf3cd5f7a9a26e4f74355797b18eae5b3f6e661de6ce2dbfec9939e26e4eb58932026f96a9bf2cbcf0c2bfcbad33aff53cfae8238c8b84631cdb1a35c05b2f56fc2e66d2793f097f88680302b91420c0e7529bb2b22540807791359fb43afb9377e5c2a7cf966b8ffdbd5cd6fb17b27de7b6d443992a1973d6f59f01f7f493d7bf31d67b37a6cebc34e23f327dfe73327feddb72d61183e4a8b6271b73deb7cb0bb39e9029f327cafa3d8b8c29389b74d2bb313fbea2f15f15a572b5aa52a1f25e636c7eb3d4aed240bad6f9891c7fe099d2bef921d2a841b36cf57bc68fab61f8bdf7e6951eb74d9b0352cb35e6f2a523f2df7ebbb1b44873be7c903ae885c8ff42fff7f3ec0bf5b57bf71e99357b9e74eed4d6982ef4fdf4ab282f1d91dfb66d7be92182ae50632fd37e1cb71b46edfb69c05db16255e9bfb6df441aa56d4efba65bcfa8f5d091762f93a8ef47ad1ffb23502c0204f862e9e964b79300efd2bf66807f77fedb72d1e33f93e17dae97fff7a321ffdbda08e1d73df55bb97ffefd526d577579f8ec47e427dd4f93336e384516ed7b4fea35ac2907566f23a7763a5b4ee8fc13a959ad9e7cbef26399b560aa7cb8ec3df962cb17b26eef7ad9b9778b54dd5759aa1873e3f755da29352ad79496bbbbcaefcefcb37438a86bc13c042ad91f8378b52ed3013e5eada7b60820804034812406f8850b17cad8b163530f742a8457e7ce9de5aaabae321ec87770215427917520c0fb74ebe6ad9be54737f7946d95b6cbc89fde285d5b1d2a6bd7ad95b1d3ff286fad7c5b2aefa825b7fff476b9e48481b2c7f88faef1fec47f27cadf66fc4596ef592c351aec96aa524d0ea8d149ba36ea29cd6a1f28958ccd16ad9f2b1fad9f238bd72c4aed53655f15a957a9ae9cdcf134197cea08a95fb3709ee09ac8333fc68d22c0c7b8f3a83a0208e45d2069017ef9f2e5d2ae5d3b633ae48ebcdb5a2b50bd7a7559bc78b1346ddab4a0ea9594ca10e03d7af2fb073655903717ce90a10f0d91b55556a6967eaca237a21a4f5b6d5fabb3dcd0ff26e97de889c67498bdc6d49affadf5be63e70e99fae10bf2f4ac67e583cfdf15a9be4e2ad5d82d158c252777eed92d5b766e918a55aa18f7b2569312a925bd9a9c20ffafd755d2bded51a22b4fea03a3f46151bc10b00b10e0392710400081f4059216e06fbcf146b9f9e69bd307c9e29eb7dd769b71afd9882c9650bc8726c0fbf4bd19e2d7ac5f232f7ff82ff9e2ab2552d358f6f14823681fd3e958a952b9b2b1c67bd9f06e3e7d550fbd6fb7c8da6fbf3242fc4cf968c55c59b375837cbb638d71936b056954d254bab438540e6fdb43da36695fba2ebc3ef1559ff2ca0b012701023ce70502082090be40d202bc86770df185f81a3d618a02c300002000494441547ab48c1a35aa10ab16fb3a11e00374a1d75358ad61dd7a280dfe3a2a6f3ec8a9cc7b7b8dff67e4736370bfcccbed5801aac826452440802fa2cea6a90820907181a405f8429d42535252224b962c91264d9a64bc0f39a008013ee059600672ebe6158d292e41d66ab7ef6b8eaeeb48bbbef4187a2c5e08041120c00751621b041040c0592069015e5ba937afde77df7db26041f96579f3711e74edda55860e1d6aacbcd53e1fc517459904f8a2e8661a992481bdc60a48efcefc503a766c2375ebd44e52d3680b020820907581cf167f29bb77ed4e7d87f24220ae0204f8b8f61cf52e6a817767ce95830e6a298d1ad62b6a071a8f000208841558b06071ea89d16ddab40abb2bdb2350300204f882e90a2a824070810fe62c908646786fd982b985c1d5d81201041030e60ef3fdc969900001027c023a9126149f80cee1dc6a3c3df5902ecc2f2cbedea7c5082090aec0f6ed3b5201be4be77652bb76cd740fc37e08e45d80009ff72ea002088417f8f6db4db2f093cfa5fb115d64bffdaa843f007b208000024528b062e51a59b5ea2b39b247d7226c3d4d4e9200013e49bd495b8a46405736d251241d416ad7f680a269370d45000104d215d8bd7bb7bcffc1c7d2ac692369d992a783a6ebc87e852140802f8c7ea01608841658b77e837cfae917d2a9635ba953a756e8fdd901010410282681458bbe908d9b36cb1187772ef3e4f46232a0adc91120c027a72f6949110ae87268ebd66d90ae87b497ead54b8a50802623800002fe025f7eb94a56ae5a2b9d3bb595fdf767c0c35f8c2d0a5d80005fe83d44fd10f01198f7d1a7b275ebf6d4549afaf5ebe08500020820f083803e497dd1675fca7ae317cb3607b592c68deb638340220408f089e8461a51cc02fa074aa7d27cbb6193d4ab57470e6cdd3cb5c6312f041040a09805befee65b59b66c95ecdcb94b3ab46f9dfa7ee48540520408f049e949da51f4026bd7ae93e52b56a7fe58d5319ed0daa8517dd9af4ae5a277010001048a47609fd1d44d1bbf93afbe5e2f3b76ec94ba756bcb01ad9a1b530cab150f022d2d0a01027c5174338d2c26816f8c5127fd67fdb71b8ba9d9b4150104104809e8d2ba0d1bd44b3dec8ee0ce49915401027c527b9676216008e868bcfea3d36c78218000024916a85cb9722abc57ae5c29c9cda46d08a40408f09c080820800002082080000208c44880001fa3cea2aa082080000208208000020810e039071040000104104000010410889100013e469d4555114000010410400001041020c0730e2080000208208000020820102301027c8c3a8baa22800002082080000208204080e71c400001041040000104104020460204f81875165545000104104000010410408000cf398000020820800002082080408c0408f031ea2caa8a0002082080000208208000019e73000104104000010410400081180910e063d45954150104104000010410400001023ce7000208208000020820800002311220c0c7a8b3a82a02082080000208208000020478ce010410400001041040000104622440808f51675155041040000104104000010408f09c030820800002082080000208c44880001fa3cea2aa082080000208208000020810e039071040000104104000010410889100013e469d4555114000010410400001041020c0730e2080000208208000020820102301027c8c3a8baa22800002082080000208204080e71c400001041040000104104020460204f81875165545000104104000010410408000cf398000020820800002082080408c0408f031ea2caa8a0002082080000208208000019e73000104104000010410400081180910e063d45954150104104000010410400001023ce7000208208000020820800002311220c0c7a8b3a82a02082080000208208000020478ce010410400001041040000104622440808f51675155041040000104104000010408f09c030820800002082080000208c44880001fa3cea2aa082080000208208000020810e039071040000104104000010410889100013e469d4555114000010410400001041020c0730e2080000208208000020820102301027c8c3a8baa22800002082080000208204080e71c400001041040000104104020460204f81875165545000104104000010410408000cf398000020820800002082080408c0408f031ea2caa8a0002082080000208208000019e73000104104000010410400081180910e063d45954150104104000010410400001023ce7000208208000020820800002311220c0c7a8b3a82a02082080000208208000020478ce010410400001041040000104622440808f51675155041040000104104000010408f09c030820800002082080000208c44880001fa3cea2aa082080000208208000020810e039071040000104104000010410889100013e469d4555114000010410400001041020c0730e2080000208208000020820102301027c8c3a8baa22800002082080000208204080ffe11c78fb9d399c0d08208000020820800002452270ccd1dd62db52023c013eb6272f15470001041040000104d21520c0a72bc77e082080000208208000020820104a8011f8505c6c8c00020820800002082080407e0508f0f9f5a7740410400001041040000104420910e04371b1310208208000020820800002f91520c0e7d79fd21140000104104000010410082540800fc5c5c60820800002082080000208e45780009f5f7f4a4700010410400001041040209400013e14171b2380000208208000020820905f01027c7efd291d0104104000010410400081500204f8505c6c8c00020820800002082080407e0508f0f9f5a7740410400001041040000104420910e04371b1310208208000020820800002f91520c0e7d79fd21140000104104000010410082540800fc5c5c60820800002082080000208e45780009f5f7f4a4700010410400001041040209400013e14171b2380000208208000020820905f01027c7efd291d0104104000010410400081500204f8505c6c8c00020820800002082080407e0508f0f9f5a7740410400001041040000104420910e04371b1310208208000020820800002f91520c0e7d79fd21140000104104000010410082540800fc5c5c60820800002082080000208e45780009f5f7f4a4700010410400001041040209400013e14171b2380000208208000020820905f01027c7efd291d0104104000010410400081500204f8505c6c8c00020820800002082080407e0508f0f9f5a7740410400001041040000104420910e04371b1310208208000020820800002f91520c0e7d79fd21140000104104000010410082540800fc5c5c60820800002082080000208e45780009f5f7f4a4700010410400001041040209400013e14171b2380000208208000020820905f01027c7efd291d0104104000010410400081500204f8505c6c8c00020820800002082080407e0508f0f9f5a7740410400001041040000104420910e04371b1310208208000020820800002f91520c0e7d79fd21140000104104000010410082540800fc5c5c60820800002082080000208e45780009f5f7f4a4700010410400001041040209400013e14171b2380000208208040a604e62ffc4c366eda9c3a5caf9edd3275588e8340e20508f089ef621a88000208208040fe0596ad582dafbcf6b6bcfed66c59ba6c956cdbbeddb1521ddb1f24eddbb496334f3b49ba746c97ff8a5303040a5080005f809d4295104000010410488ac05b33e7c8f8879f92858b96846e52837a7564d08567c93967f40dbd2f3b20906401027c927b97b62180000208209027019d1a73dd4d7f94d973e647ae41ab164de5e6114319918f2cc901922240804f4a4fd20e0410400001040a4440e7b60f1936da759a4c3ad52ca9564daebafce78cc6a783e7b3cf9fc64d74dd62c0e9278b5e40f12a2c01027c61f507b541000104104020d602d908ef5690e1570f22c467f80ce9defb1cd723de73fb086e30ceb077260e4780cf8422c74000010410400001c976783789ff7edfad4ca7c9e0f94680cf20668e0e4580cf1134c52080000208209064019df37eeea0dfc837eb37f83653a764743ba4a37468d75a9a376d2cdf6dde92bac975d1e2a581e6ccebcdad4f4df8a3ec5fbba66f596ce02f4080f7372ab42d08f085d623d407010410400081180ae83cea49cfbce859730deec37e7989e7940c5d6ef2f63ffdd537c85f70f669f2eb2103632855785526c0175e9ff8d58800ef27c4fb08208000020820e029a0a1fbac81d7786ed3fbb89e3272d8158147cd1f7af4d9d4f2936e2fbda9f5c527ef0f7c3cbad05d80001fbfb383001fbf3ea3c60820800002081494c0e8bbc7cb9497a6bbd6491fcef4e8f83b42d779c8b09b3d47e2337543ab4eff49673a8eeea7f3feedaf6c3d55d6adbc96cd9b445a2926db015e2ff096af5c538649bd795057e88f44e90e04f8f4edd813010410400001040c81e3fa0d745d325247ca273d78675a015303eb69e75de97aec1eddbac8b8313794e903afa93cd615559e7efe657972f24ba2e1d2fa7a6ffad39e7daa757a66ca3499faef37caed6bdd51a70bf53bf97839bb7f9fb42e0ecc63e905c2c427ff29f33efed4f3fe02753ebac7a1d2bf5f6fdf5563bc027b90133ac8ca34eafac81353e4ad991f78d65bfbf0c4e38e6465a120f0966d08f021c1d81c01041040000104fe27f0f2ab6fcaa85bef7525893a577df88d6364fa8c998ec7d7d03a636ad935cc830478af637a05789dd6a3a174dbf6ed814f01ade3c5e7f797cb2e1a10781fdd5003f0c85bee49eb09b6fa8bc7efaef985eb08773603bc5ee0dcfbc0639ebfc83841e88dc9d75f3bc4f7e2231462823726c027b873691a020820800002d916f09b3e3379e23d698dbe9bf57e6be61ccfb9f063ef1a556684db2fc04f7f63a667b8740af01a4a6f1df380eb85441063bd07e0ae9b8605d93423cb71ea85c3c861974bdf938e2d5766b602bc5e74fceaffeef0fc65c20f2053d3a2fcca89fbfb04f8b8f720f5470001041040208f02170dbece759458a7916880cfe5cb2bc06b38bcebde099ed5710af07e73f183b62f4888cfe45afa1ae2c78db9bedc487c36027c986544fdbc08f17e422204787f23b640000104104000011701af30d8ffd4dec6b488c139b5f30af07a41619ff36eaf9c3dc0fbfdc210b6717e538abc2e88c296a5db3bdd409c8d00afab10f9d986a97f9079f6618e97b46d09f049eb51da830002082080400e05bcc2e0e04bcf0d3df73b6ad583ac47ef558635c0ebf49d6b46dceebab95e109c77d6a9d2a7f7b1a9693c3a0afdceec0f53ebe1eb83a9dc5e6ed38afccad31b3e7f79d9f96546d4f51e84071f79c6333cdb9f5cab1709d697575db58d35aa9794d9de3ebfdecf5cebad37d79ad37934e8bffbde5c99f0d864d71b5c754efccbff7830eae990d8fd09f089ed5a1a86000208208040760574bac725bf1ce95a483e4651fdc2a45656a7969c75fa8f65c0e92797999fafc15203abf9f21a0df79b0ee375a3acdbbe5efb788ddcfb4d5ff11bf58fb28ca4df4a415ed36174df4b878e74bdf8602a8dfbe797009fddef368e8e0002082080406205fc468c0b31c0bbcd0bb77792d7c3a982ceedf7ba0078f5f909e59697d400bf7aedd7b265ebb632a136c868b4d7858bdfc5469400afcb71badd5710640a95d7054050e7c47ec03c1a46802fc65ea7cd0820800002086440208e01fe9691573baecc62e7f0bb19f69c33fafa0a7af984195db6ff32e054b0577dfd1ea41525c07b5da4045d81c8abee418fe1db1909db80009fb00ea539082080000208e44a206e013ec848b669e7154cfd1ef664f5770bc77ea3e261fad06f2a4a3603bc5bfbfccab4b62f53173a61cce2be2d013eee3d48fd114000010410c8a380d7e86dd0d1ee4c56df6b34d7e9c9ad6e657bb54bc369d0d7d265ab1c1ffc1426e09a65e93d071ad657ae5e6bfcf395ac5ef3756aca8dd74da8baaf5f59e98ec07b056f9daad4ba55b3a04cae6df09bbf1fb880846d48804f5887d21c0410400001047229e015fef211bebc027c98fa445d6ad1af0f82fc1aa02bcce883a7167fb12cd2128df908f07eed0ffa7e267fa9085a661cb623c0c7a197a823020820800002052ae0b5fe779811ef4c352f2e015edbeb36154783fb9fc74d745d6231ac559c03bc5fddc35a24657b027c527a9276208000020820900701afa50f751ac58ca91323d54aa78ce8d411b757978eedcaace6928900af659e74c6a048f50eb2b35380f7f20c724ca76dfc4270ba5368f44263d4adf7a65bad40fbf9d53dd04112b811013e819d4a93104000010410c89580d732825a8730abad38d5f9a1479f95f10f3fe5da1c7b08ce4480d7c2b23d8546cb085377b760deb47143e9deadb3d4ae55d3354cfb85e07403bcdf4dcc993807fdea9e8932e2780c027c1c7b8d3a2380000208205020025eeba56b1583ccf5f66a4adf9f5dee3a95c4699df06c07f84cfcaae0d4de20a3fe3a1fbcf7f13da5538736651e38a5c7f30ad37e21381b013e1fd3a70ae42391936a10e073c24c21082080000208245760c8b09b65f69cf9ae0d0c73f3a8f5207ea3fb832f3d572ebb684099723315e0bde6f68759463268af7bfdd2a017417f187dade87421b7573e02bcd74587df45435017b6731620c0736620800002082080402481205329c24ea5d179ef43868d765c82d1acacd3437e3215e047df3d5ea6bc34ddd1251bcb63462dcfeb02c02f4ca73b02af385e173a4e4f9b8d74a2b173a900019e930101041040000104220b783df8c83c78d09178bd39f2d6310f7a8677b7e5053315e0bd6ed0f40bc4667bcd116a9dea53a37a49ea5feb9cf5a64d1aca91871f22bd7a762b75f7f2bbe7f61165b675ea2caffdfdea1b25c07b5d7884e96fbd19d6babe7efb36ada566cdea32e0f493cb4d178a7cb226e00004f80474224d40000104104020df023a17fe82cb7fe719bab58e3a1de467fdfbc851ddbb969912a2fbbffbde5c79e1e5fffa3e9848e7a14f7af04ec76097a900af75f59a7f1f647d72afa945f65f24bcb6f51bf1f75b0d264a80f7fbe5c4ef1e08bffdf522e7dc41bf71bdcfc1e957967c9feb85503e01be107a813a208000020820900001bf39eb996aa25728cc6480f76b8fdea8f9cbcbce2f37375da714e9ca396e4f4875bab1d7abde3a82ffe7dbae73bc60f15ba547cdfd02fc71fd06ba5e78e9c5d229271e931a0d375f832e38abccd29d7e4b5fea48bcd348bafa4e786cb26b780f729194a9732a6ec721c0c7adc7a82f020820800002052ce017e6a256dd2fd46532c06b5d834c0dd290dbba55b354d3962e5be5fb2b84d388badf28ba1e5b2f18dab76d9d2a67f59aaf65dec79f067ad8935f80f7bb09d9de67f6293d3a8a7eda7957fab65b2f5c1a36a8973a9cdbc58d5996d7af2c51cfa124ec4f804f422fd2060410400001040a48c06b5e74946afa85773d76a603bc86d34b878e149d2a928997571bbca6ecf895ada3f46e75f40bf07ebf34f805787d3fc84dc77e6db0beef37f526ccb192b82d013e89bd4a9b104000010410c8b38086c2bf3cf8b8efa86c906aea68ecc5e7f72fb764a4d3be990ef05a46a642bcdf0548ba215847b67f356460da0f72d23606f9a5c1f476bba936ddfadbfb91f0eeffa920c0fb1bb10502082080000208a421a023c263fffab84c9f31338dbdbfdf45478f6f1d754de09548b211e0cd107fef038fb92e2de9d540bd001939ec72e97bd2b1be0e3a7ffeba9bfe14f8c2c75c235e2f32ae1971bbe3f1fd46e0cdf60d1d7e8befd416ddd66b7519edf391b7dc13e838f6caeaaf08378f18eab9debd2f60916c40802f928ea699082080000208e44b4043dd234f4c319e16fa41a039db1a4a7bf53c3c35eaaea12ecc2b5b01deac837951f2ceecb9be215bebdeefe4e3e56c63d59dfd6bd70cdc0c0de37ab1f0ca6b6f7bde5c7ad6e93f16f386d2280f72b2564c7f39796dc62c634acc62d7b2832c0fa9f579ece9173c1ff06596ab73fb4f3cee4839e78cbe818d8a7d43027cb19f01b41f0104104000811c0a68005ebe728dccfae0a372a5eadae82d9b37091dda7358fd32456948d59b31bfdbbca5ccbfd711ef4e1dda64a41d3a2d65c5aab5a523dacd9b3692e64d1bfbae0b9f29136da3f9d227c186b910d1fdf46244dbe0d6dfe91c33536d8bf37108f071ee3dea8e00020820800002082050740204f8a2eb721a8c000208208000020820106701027c9c7b8fba23800002082080000208149d0001bee8ba9c0623800002082080000208c45980001fe7dea3ee08208000020820800002452740802fba2ea7c108208000020820800002711620c0c7b9f7a83b02082080000208208040d10910e08baecb6930020820800002082080409c0508f071ee3dea8e00020820800002082050740204f8a2eb721a8c000208208000020820106701027c9c7b8fba23800002082080000208149d0001bee8ba9c0623800002082080000208c45980001fe7dea3ee08208000020820800002452740802fba2ea7c108208000020820800002711620c0c7b9f7a83b02082080000208208040d10910e08baecb6930020820800002082080409c0508f071ee3dea8e00020820800002082050740204f8a2eb721a8c000208208000020820106701027c9c7b8fba23800002082080000208149d0001bee8ba9c0623800002082080000208c45980001fe7dea3ee08208000020820800002452740802fba2ea7c108208000020820800002711620c0c7b9f7a83b02082080000208208040d10910e08baecb6930020820800002088cbe7bbc2cfa7ca92bc4efaef98574e9d82e2d28af63b76fd35aaebf76705ac76527044c01023ce70202082080000208149dc04583af93858b96b8b6bb63fb83e4d1f177a4e5e275ec28c74dab32ec944801027c22bb9546218000020820808097805f80d77d075f7aae5c76d180d09004f8d064ec105280001f128ccd1140000104104020fe0241027c49b56af2e293f7cbfeb56b866a30013e14171ba72140804f038d5d1040000104104020de024102bcb6b047b72e326ecc0da11a4b800fc5c5c6690810e0d34063170410400001041088b740d000afadbce7f611d2ab67b7c00d26c007a662c3340508f069c2b11b02082080000208c457204c806f50af8e3c35e18f81a7d210e0e37b5ec4a5e604f8b8f414f544000104104000818c098409f05ae805679f26bf1e323050f904f8404c6c144180001f018f5d11400001041040209e026103bcb6f2eff7dd1a686d78027c3ccf8938d59a001fa7dea2ae082080000208244860d98ad5b27ce59a722dd20728855df9252c4b3a013ee81aeed90af06fcd9c9317abb0b66c9f7d01027cf68d2901010410400001047e1078f9d53765cad4e9327fe162d9b67dbbab8bce3befd5f370b9f8fcfed2aa45d38cfb79856c5d3ed2ad6e41d686cf64807ffaf997e5b519b364f69cf991adf45877dd3bc1f538ef4d7fdad7f9b87e031d6d82acd6e357fee489f764a5af7d1b15c30d08f031ec34aa8c000208208040dc0474f478f4dde3e49bf51b4257bdf7713d65e4b02b323a2aef15b235a48f7ff829c77a06591b3e13013e5daffea7f696abafb8d0d14a7ff1386be035aefe7eabedcc5ff8995cf2cb91ae2e33a64ef4ecdbe1378e91e933663a6ea317691ae079051320c00773622b041040000104104853c06fe435c86135e0dd3c6268a039e8418ee715b26f1979b54c7f63a66bd8f41b6d8e1ae01f7af459d70b88206d53ab87c7deea18e235c06b90777af9dda8eb572fbf7b04fafeec72d70b38bdf0b8fedac1419ac7368600019ed30001041040000104b2269089f06e56ce2b98866d8057c8d6203be0f493d31ead8e12e0fd4272d076ba59fd69dc4499f4cc8b8e87f19be3ef77df80d70580dfe8bf5ff80fdaee62d98e005f2c3d4d3b114000010410c8b1c0c64d9be5b4f3aef49ceb1eb64a7ea3c4418fe717e075c9c8d1778f97292f4d773ca4d7daf0e90678bd3f60d4adf7066d82ef764e81dc6b1a8c1ed06b1e7cf7dee77896e97501e07521a7d392fca6dff836b6c83620c0175987d35c0410400001047225e035daab753047bacd9b5435f04f9bfea6fce5c1c75d437fa6c25e9000ef7701e27631914e80f72b4bdbad37f49e72e231a5377aea3c79bd21d86d5eb91a0fbf7a909c7346df325dee3595c56d1ebc9675cd88db7d4f1db70b00aff9ef7a8fc35d370df33d361bfc4f8000cfd9800002082080000259114827286a45fc4689fd6eb60cd29820015e8fe337a5c569ea473a01deeb62c76fea90d7e8b6fe52f0f23f1e2c43e215a6dd2e4abc7e8db01edcad6fbcce05bde7a0ef49c706e936b6f9418000cfa980000208208000021917d011e5a1c36f491df7eb6fd697b97931c888ab5708761a550edb80a0015e8feb153e9da68da413e0ddcad091f7490fdee9bbbca2d705803d207b4dd5719b06e375f3abd5dee902c06ffefbabcf4fc8e80a4361cf85386e4f808f63af5167041040000104622ca081ce6f6df730013b1d8a30c7f79b3e625f1b3e6c80f73a7e908b1d6dbfd7141ca763b8ade7aec7b24f83d1639f74c6a072cc3aba6f5f16d4e902c0eb1702bf157dd2e9db62d887005f0cbd4c1b1140000104108891804ea119326cb4eb3cf84cdcc81a26c02b9dd7b413fbdaf06103bcd7e87998e9426ee53a4da31932ec66d78743d9cb741bb1d7a51f9d6ef2b55f0078d965e2d794189dda19ab2a013e63941c0801041040000104c208e8c8b3be162e5a22df6dde228b162f95b55faf735da7dc3c763e02bcdf4da6d651eeb001de6b7bfda5a246f59240acf6a94ad69deca1da6b54dceeeb34ff5d2f0afe30fa5ac7073bd92f00bca6dff0f4d5405d5b6e23027c7a6eec85000208208000022104cc15665e9b314bbef872455a4f64cd6780d7b2fdd6b4376f68cd64800f41ecb9a93d28bb4d8bd183d8a7c138057073ea8bd3541ceb058057393c7d35fdde25c0a76fc79e08208000020820104040a7884c7ee13f195b0f3e1f23f066338384f320db58d9fc1e901480d87713a7a9385e23e3e688bd5b0037e7fd3b4dc5b15e0078dd309b897ef46d78423720c027b4636916020820800002f916d0f077e9d091be5362c2d63313c12fec1c78b38e7e2baa68507eece9175ce7973bdde419748597b04ed6ed9d02bcd71299e6af096e01dc7cdfed18e60580d7fc7e9ebe9a7e8f12e0d3b7634f04104000010410f0100833b2ac3782b66ed54cdab7692d3d0eef929a173fe999171d8f9ecf00af15f20aa51ad00f3fb4936bddc32e3b99a913cc29c07badb76f8eb03bb5d57a53acdb31ccf2c2dc589ba9b616c37108f0c5d0cbb4110104104000811c0b784d9dd0aa6860d7a78af63ebea774e9d8aedc3ae05e2139df015eebefb736bc5e8038bdc206f86c37aafea700002000494441548f52bbb5c3bc29d72980db97a5f49a07efb65c65d0e531737cdac6a638027c6cba8a8a228000020820101f01af650a35c48ebd6b94e7c37b0a3dc0fbad0defd6534e01deeb29a76196914ce7ec702bdb1c65efdefb9c7287b53f18ca6999486de7efaef985e32a357a409ebe9a4e6ffd6f1f027c343ff646000104104000010701af79dd419ebce97501500823f0da64aff5cdc30478af5f2b74adf5ebaf1d9cb573ccab6c0dd9a36ebdb75cd9f6fe735a9d477f61b9eaf29fcb5df74e28b7bfbe3763eac4acb5a9180e4c802f865ea68d082080000208e458c069e4d6ac827d4d727bd5fcd65c2f9400ef574f2772a71178afa516ed0f89f2ea46bd68daba759b346c502fb559cd1ad5a57ddbd6d2bc692339e78cbeaebbba4d73d1a52267cf995f66bf30f5d76d9da612f1f4d5e81f46027c74438e80000208208000023601b750a89bf98dc07b4d29d1fd0b25c06b5dfcd686b79f184e0158b7f11acdd7f5d21f1e7babe79423af1565fce69b7bfdda61afbf7973abfddf87594987a7af46ffba20c04737e408082080000208206013f05a814603e5c86157940ba43a127deb980764fa8c999e9e8514e0b5a26156db710bf07ecb536a88bffce2b3a5ef49c796b1d1fdc6fef5714f33bfa79d86b90871bba9d6eb02c2de997e17707c98fc0508f0fe466c81000208208000022105fc46d1756ac8d13d0e95a64d1aa68ebc68f15299bf7071a0873d155a80f70bdf563ab700afdb78ddb86b3f86feffafbf59effb44db2073e8bda6f058cbb52e1f693f1dbc96a4b46ecbd357437e905c3627c067c691a3208000020820808045204ca87582d3a0a7c7707a155a800f1bbe1f1d7f87ebb992ce8db16e070b32f5c6dc37c8af087e5371bc96d634cb719b82c387279c00013e9c175b23800002082080404081305333ac87d49b1cf5e6cb427d90935bf3830458af1178f3b89908f161c2bb961b640a8cdfd28f41ea9ded75ed039e9ab1df8c001ffb2e2c9c06ecd8b94bde7aff5359baf26bd9b76f9f1cd8a291f43aa28354ddaf4ae154929a2080000208e454204830b456c85c237ec2a4c9b10bf041d6860f12e0cd40fdc81353024d29b277683abf5004f9c5c46ff520bf8777794dc1c9e9499980c208f009e8c44268c2e62ddb65f22b33e53be3bfadaf86f56acbd9a71e25152a5428846a520704104000813c08e8fce8894ffed3f3464b0d77832e3cab74b9c3427f90931ba3df2874d000afc7d7b9e97a2133edd5377de7baab5faf9e87cbc5e7f7171d7d4fe7e5f50b4290a51ffde6d207998f9f4ebd8b711f027c31f67a86dbbc79eb7679ee9559b269f336c7239fdefb0869d5ac41864be57008208000027114d051ea95abd71aff7c95aabe06da16cd1a4b978eede2d89c9cd5592f82167cfa79a99b59b0aef1dea9431bfc72d61385511001be30fa21b6b5f00befda309d467358c7d6b16d23154700010410400001040a4980005f48bd11b3ba68789f3c6d96316dc679e4dd6cce4f4fea2e2d9bd68f59eba82e020820800002082050980204f8c2ec9782af95db9c777bc5750efc39fd8e2ef8f650410410400001041040202e0204f8b8f45401d5336878af59a39a0ce8d3536a56af5640b5a72a082080000208208040bc0508f0f1eebf9cd79ef09e73720a440001041040000104ca0810e03921020b10de0353b1210208208000020820903501027cd668937560c27bb2fa93d620800002082080407c0508f0f1edbb9cd59cf09e336a0a4200010410400001047c0508f0be44c5bd01e1bdb8fb9fd62380000208208040e10910e00baf4f0aa64641c37bed9a2572e62947b2da4cc1f41c154100010410400081240b10e093dcbb11da1626bceb5291d54baa46288d5d11400001041040000104820a10e0834a15d17684f722ea6c9a8a00020820800002b11320c0c7aecbb25b61c27b767d393a0208208000020820105580001f553041fb13de13d499340501041040000104122b40804f6cd7866bd8e6addbe5b95766c9a6cddb7c77ecdcaea531e77d3fdfedf2b541c50a15a541dd5ad2ba45c37c558172114000010410400081ac0910e0b3461b9f03efd8b95b9e9efa76a0f01e9f568934ac575bce3cf948a952a5529caa4d5d1140000104104000014f01023c2788bc316ba17cb468592225ba756a2dc71cde21916da35108208000020820509c0204f8e2ecf732adfedb33d365fb8e5d8994a859bd9a5c7cd68f12d9361a8500020820800002c52940802fce7e2fd3eabf3ef5aaecdcb53b911235aa57954bce3a21916da35108208000020820509c0204f8e2ecf732adfeefcc05f2f167cb13297158c7d6d2eb08a6d024b2736914020820800002452a40802fd28eb7369b9b583909104000010410400081f80810e0e3d35759ad69e29691ac672c23d99c6524b37ad2707004104000010410c88b00013e2fec8559280f722acc7ea156082080000208208080558000cff950468010cf09810002082050a802a3ef1e2f8b3e5f9a56f5dab7692d356b56975a356b48c7f60749af9edd421fe7a2c1d7b9eef3e8f83b421f8f1d10485780009fae5c82f723c427b873691a0208201063010dd00b172dc9480b4aaa5593a37b1c2afdfbf50e1ce6bbf73ec7b5ecf7a63f9d917a711004820810e0832815e13684f822ec749a8c00020814b8402603bcb5a9fd4fed2d575f71a1ec5fbba6a70001bec04f9022aa1e01be883a3b6c5309f161c5d81e01041040209b02d90af05ae7562d9acac3636ff50cf104f86cf62ec70e2340800fa35584db8609f1679e72a4e8934f79218000020820900d816c0678adafce8df79acb4e80cf46af72cc740408f0e9a815d93e41437ccd1ad564409f9e84f8223b3f682e020820902b816c07786dc7f0ab07c93967f4756c12013e573d4d397e0204783f21de4f0910e239111040000104f22de015e07b1fd7337543aadb4b6f7e7dfdadd9be37c1ea549ac913ef21c0e7bbb329df538000cf09125880101f988a0d1140000104b220e015e02f38fb34f9f59081bea53efdfccb72d7bd133cb77bf5f9098e73e11981f7e565831c0910e073049d946208f149e949da81000208c44f2013015e5b3dfcc631327dc64c57807b6e1fe1b8b424013e7ee74c526b4c804f6acf66b15d84f82ce27268041040000157814c05f8b766ce916b46dc5e10017ed98ad5b27ce59a727549e74153414e9df90b3f938d9b36976eaa4b6776e9d82ec8ae6c53400204f802ea8c38552568886f58afb69c7dea5152a1428538358fba228000020814a040a602bc36cd6b343ddb23f01aa2273ef94f99f7f1a7f2cdfa0daed23a1fbfdfc9c7cbd9fdfbf8ae51efd55d7a91f0c81353e495d7de966ddbb797dbb441bd3ad2e7a463cb4c41f2b276f329c05326b15522c027b66bb3dfb0cd5bb7cb73afcc924d9bb77916767aef23a455b306d9af10252080000208245a2053015e03ed5903af71b5cad61c781df9beeea63fcaec39f343f5933e35f6e2f3fbcb65170d08b59f6efcd0a3cfa6c2bb5370b71f4c2f18fe7cdb75a935f109f0a1a973bac3bc79f364f7eedd65caac5cb9b274eddab5f4df1983a7152aec335e39ad1985c542204888ef75440739ac63eb58b4874a228000020814ae40a602bcd78dac5e6bc1479903afa3ee43868d0e14a4dd7a40eb36f6ae518147e3fde6fa3b95a3a3f14f4df8a30c1d7e8beb8a3d8cc0e7ff33b26ad52a59b3a6ecd4ab264d9a48b366cd08f0f9ef9e78d44043fce469b3e4bb2dce23f13f3da9bbb46c5a3f1e8da1960820800002052b908900ef17a4bdc269ba01deafcc30e0419e18abc7fbd3b88932e99917c31cba745bbd50d0972ebde9f422c0a7c59af19d56af5e2d5f7ffd75eab88d1b374efd637d31029f71f2e41dd06d4ebcce813fa7dfd1c96b302d4200010410c8b940d400af23ef7f79f071d751705d4bfeae9b86b9b62b9d00afd3752eb8fc779146deed15f2aba75e305cf2cb9191fa47a7edb84dbb21c047a2cdd9ce04f89c51c7bba01d3b77c99bef7d224b577e9dba69b575f386728c317da6da7e55e2dd306a8f000208205010025e015ea77e346c50cfb59e6ea3c9e60efd4fed2dd75f3bd8b39de904f8204f8fd540debd5b6769deb4b1ccfae023f960ee02df074edd32f26ae96bdc78eaf40a52668f6e5de488c33a8b8eb6abcda2c54b3d97d6b49643802f888f836f2508f0be446c8000020820800002d91608124cc3d64103ece04bcf755cf7dd7eacb001de6fb94a9d0e73f388a18ecb38fa3d704a2f585efec783e59aeb57a68eacdf71e3af1ddb1b74aa0f013eec59969fed09f0f971a75404104000010410b008643ac0ebc877ff7ebd038577ad46d800ef7513a906e9490fde995af1c5eda52bc88c7ff829d7f79d46e1fd6e5cf50bdf4142bcdf3138690b4380005f18fd402d104000010410286a814c07781353c3f459a7ffb8cc3ae84ed06103bcd7f6179c7d9a6f795a87be3fbbdc75ad78a7b9f061b7776aa7df0db004f8787c0c09f0f1e8276a89000208208040a205b215e04d34bf155ec20478bfa92c6e6bcddb3bd06b14de3e8d46d7993fe98c41a146ec9d36f65b279f001f8f8f19013e1efd442d11400001041048b4805780d7b9ec871fdac9b5fdabd77cedfbe453dd5943fce489f7381e274c80f71ac5f62ac35eb0df8a32ef4d7fba7417bf8b06ebb67e278a3ee84a83bcd38b00efa75718ef13e00ba31fa805020820800002452d10751949c5d3903be6bebfbb8653ddc66d7a4ba602bcdf3290f64ef62ad71aa6bd02bc4e139a317562e0f38727b106a62ad80d09f005db35540c010410400081e211c84480572d9d6a72eea0dfb8ce2d770bbb990af041e7bf9b3d1b34c0bffcea9b32ead67b1d4f08af27cc3aed40808fffe78a001fff3ea405082080000208c45e2053015e21bcc2aebeefb4c24b98003ffaeef132e5a5e98ee6d90af05e23f004f8d89ffea11b40800f4dc60e082080000208209069814c0678ad5bd85562c20478af39f0f99842a3ed0d33079e11f84c9fbdb93f1e013ef7e69488000208208000023681a404f830a3e17e2bc25857b3f1bb8935e8ca37ca7e5cbf81b26dfb76c773909b58e3f1d124c0c7a39fa8250208208000028916885380f79ba2137434dceb89acf6b9fa7ecb480ebf7a909c73465fdf73c46fe51b02bc2f61416c40802f886ea01208208000020814b7402603bc57305665a779ea61a6d0642a4c7bb5b947b72e326ecc0d654e0aafe51fedebc6bb9d4d4386dd2cb3e7cc773dd908f0f1f81c12e0e3d14fd412010410400081440b642ac0eb08f39061a35da7882862d49b58f5185ef5d530fdd4843fcafeb56bbaf699df28bed388bad7cdb36e1726d60af85dd8e8b604f8787ccc08f0f1e8276a89000208208040a205a206789d4ffeec0bff96c92ffcc733bc2ba2d37cf13023f07a0cbf30ac73e1c7de35ca31c4fb5d64e8f499179fbcbfdcbe7e73e6b55efd4fed2d575f7161997df51783099326cba4675ef43d8708f0be4405b10101be20ba814a20800002082050dc025e013e93326eabc4840df05aa7be3fbbdc75bd797d5f47e27fd6bf8f6898375f53a64e97e933667a36c96b29cae1378ef1dd5f0f6e2d73e1a225810909f081a9f2ba21013eaffc148e000208208000022a908b00ef36b2ade5a713e0fd568649a7675bb5682a9327dee3baab8ea69f76de95bebf32b81d400d6a54afe67ae141804fa7d772bf0f013ef7e694880002082080000236816c07780daee3c65c2f5d3ab673b44f27c0eb81fca6d284e968ade3a407ef140df15e2fbf9564bcf61d7ce9b9f2fa5bb3c56d549e001fa6c7f2b72d013e7ff6948c000208208000023f086433c0eb54963f8cbed635bc6b15d20df0990af141ea683d5974f4ffba9bfe146a24de9c3ec4839ce2ffb123c0c7bf0f6901020820800002b117c84680d711edb34effb10cbae02ccf1561a20678dd5f03f5e8bbc779ce8977eb245d32f28e1b7fe35b47fbfe7a53ebd8bf3eee3b275e1d2e3ebfbf5c76d180d42108f0b1ffb808013efe7d480b10400001041088bd402602bc8e62376c504fdab7692d3d0eef227d4f3a36b04b9411786b213aa5e6c9c92f89866baf9786eaa37b1c2afdfbf5965e3dbb05aea7d3865ad62bafbd2def7ff8b16cdeb2b574939a35aacb11877596b38d1b69ad4b5a12e0237117c4ce04f882e8062a81000208208000024912d050bd7ce51a99f5c147659a55ab668dd40a3151437b142b027c14bdc2d897005f18fd402d1040000104104000819c0878fddae0b4467e4e2a4521a10408f0a1b8d8180104104000010410c89f80ae40a34b49ae5cbdd6f8e72bd9bc79ab2cfa7ca9e8daf141a60c793d0156a7f5cc983a317f8da3e4c00204f8c0546c880002082080000208e44fc0eb49ac5e6bdc9b35d6e07fe9d091aef3f3dd1e7295bf1653b29b00019e73030104104000010410888980d7fc750df1575dfe73e9d3fbd8722bdae8c8fb9fc74df45c258735e063721218d524c0c7a7afa8290208208000020814b940d0a7bfeac3a06a542f4969b93db4c94aa937d63e3afe8e22d78d4ff309f0f1e92b6a8a0002082080000208c8f01bc7f8aefd1e8629c8f49b30c763dbec0b10e0b36f4c0908208000020820804046053215e2c33e0136a38de060690b10e0d3a663470410400001041040207f020f3dfaac3cf2c414d9b67d7b5a95d09b56470ebb22f41360d32a8c9d322a4080cf2827074300010410400001047227a02bcb4c9bfea6bcf0f27f03cd75d7b9f1dd0ee928179fdf5ff47ff38aa700013e9efd46ad11400001041040008172027a93abbef4c6d5ef366f49fdef230f3f24f5df5d3ab663b43d21e70c013e211d4933104000010410400001048a4380005f1cfd4c2b11400001041040000104122240804f4847d20c04104000010410400081e21020c017473fd34a04104000010410400081840810e013d2913403010410400001041040a0380408f0c5d1cfb41201041040000104104020210204f8847424cd40000104104000010410280e01027c71f433ad44000104104000010410488800013e211d4933104000010410400001048a4380005f1cfd4c2b11400001041040000104122240804f4847d20c04104000010410400081e21020c017473fd34a04104000010410400081840810e013d2913403010410400001041040a0380408f0c5d1cfb4120104104000818216187df77859f4f9d2b4ea78f8a19d52fb756c7f9074ead0465ab5689ad671d80981b80810e0e3d253d413010410400081040b5c34f83a59b86849465aa801bedfc9c7cbd9fdfbc8feb56b66e4981c0481421220c017526f50170410400001048a54209301de246c50af8efc6ac840e97bd2b145aa4ab3932a40804f6acfd22e0410400001046224908d006f36ff82b34f935f1b41be585fcb56ac96675ff8b76bf38bd926aee704013eae3d47bd1140000104104890403603bc320dbef45cb9eca20109120bde94b766ce916b46dceebac37bd39f0e7e30b62c0801027c41740395400001041040a0b805b21de055f7eff7dd2a5d3ab62b3a68027cf2ba9c009fbc3ea545082080000208c44ec02bc0ebea32e64a334e0dfb60ee824037c0ea711e1d7f47ec6ca25698001f55b0f0f627c0175e9f50230410400001048a4ec02bc00799c3be71d366b9f781c764ca4bd33ded8a71149e009fbc8f13013e797d4a8b104000010410889d40d4006f36f84fe326caa4675e746d7fff537bcbf5d70e8e9d4f940a13e0a3e815e6be04f8c2ec176a850002082080405109642ac02b5adf9f5d2edfacdfe0e897ce349af90b3f131de1b7be747df96ccca7d772b43cfbab65f326693fa08a009fbc8f12013e797d4a8b104000010410889d402603bcdf287c9055575e7ef54d993275ba11a617cbb6eddb5d3d7b74eb22271e77a49c7346dfb4cd35b04f7cf29f32efe34f5d2f3cf4e025d5aac9d13d0e95fefd7a4baf9edd5ccbf30bec412a1ac428c871d8263b0204f8ecb8725404104000010410082190c900ef1760bdc2a986e91b6e1f2bba767a98973e34eafa6b8778066bfbf174b4fdba9bfe28b3e7cc0f53546a5bfd25e1d651d7388ecafbb53f486104f8204af9db86009f3f7b4a46000104104000811f040a21c03ffdfccb72d7bd1322f549d039f67aa13064d868cfd17dbf8ae888fcb831d7979bca4380f7938bfffb04f8f8f7212d40000104104020f602990cf00f3dfaac8c7ff8295713a7d1e54c8477b3c0dec7f594bb6e1ae65abe8ebc9f76de9591c2bb79700df1931ebcb3cc483c013ef61f07df0610e07d89d80001041040000104b22d90c9003f64d8cdaed35274aacbcbff78b04c7374befba85befcd6813875f3dc8755efcf01bc7c8f419333dcb6bd5a2a9d4a85e92da66e1a2259edbda6fcc25c067b42b0bf26004f882ec162a850002082080407109642ac0fb8557bde974dc981b4a71838c86eb28f729271e233d0eef521aa8a719a1df6da51bddc86964dc2cb47bef735c3b5783fb9f6fbbaecc88bad671c2a4c99ecb634e9e784fe93e3a3de7ce7bfe565ac696addb3ce7f4eb0580fd558c0fbc8ad3278e001fa7dea2ae08208000020824542013013ec8bc72fbc8b8df8a351af8efb8f137a2cb46da5f7e23e94e5369bc2e3034f4bff8e4fd8e6569d95e5383065f7aae5c76d100c7b3c3efa2861b56e3f7a122c0c7afcfa83102082080000289134837c0eb6a310b3efd5ca6bf31d3775a8a5340f65a335e47c37564dbebe5355d47f77bf5f9096502b957980eb246fd71fd0696ce9db78e9cffa8570f027ce23e15ee0d22c0175167d3540410400001040a55c02bc067aacef6516abf91e97b6e1fe1bb2ca45e409c35f01ad72ada47fca38cc0a7ebe0d74e46e0d395cddf7e04f8fcd9533202082080000208fc2090ed00ef34baed357d26c8e8bbd9795ea3f0f669343acde7925f8e74ed77bdc976d08567499fdec7ba4ea5097bd210e0c38a15fef604f8c2ef236a88000208208040e205b219e0358c3f3cf6d67281d8abcca0ebb96bc778cd4d77ba70f09ab663ed68ad77db035b49fbb6ad530f6eead2b15d5aa19e009fbc8f0f013e797d4a8b104000010410889d40b602bc8e808f1c768563f0f52ad36b19483b6ed8801c65d94a0df5dd0ee928bd8fefe93bbdc7ac67d8fac5eee429c20a13e08bb0d36932020820800002852690e900af23d63ae7bd57cf6eae4df52a33c8fcf72801d96ff59b20fda3d36daebf76886f9027c007d18cd73604f878f517b54500010410402091025103bc86d9860dea89aec67254f7aea9e9267e2fbdf9546f42757a653bc06b993a127feb9807233f91d5efd70202bcdf9910bff709f0f1eb336a8c000208208040e204d25d46320a44bea6d058ebac0f697a66ca3499faef373c1fb6e4d7ce5b465e2d7d4f3ad6713302bc9f5efcde27c0c7afcfa831020820800002891328b4007fc1d9a7c9af870c0ce4fcf4f32fcb5df74e70dc36cc6a361ae675959a591f7c248b162f952fbe5ce1f9b4576b81fa0bc4cbff7890001fa8c7e2bf11013efe7d480b10400001041088bd403e02fce8bbc7cb9497a63bda0579a892b9a3d71359f549aee3c6dc9076ff68a87f67f687811e54f5f7fb6e759c3ac4087cdafc05bb2301be60bb868a218000020820503c02f908f07eabc1e853587504ddeba501fbb4f3ae749dc76e7f7894dbb1742ebe5f595e23fd7a5cb779fb04f8e47d8e08f0c9eb535a84000208208040ec04f211e0fdc27790d173af517ced04fb4580b6d37c2d5cb4a44c3fbdfafc04df75debbf73ec7b56f09f0b13bedd3ae30013e6d3a7644000104104000814c09e423c06bddbda6bfe8fb5e0f74f21b11779a8613a59d7ac171d219835cc9d39d4213e497864cf533c7c98c00013e338e1c050104104000010422084409b6118a4dadfca2cb497abd34889fdef70469deb4716ab3ef366f9149cfbc28f61174fb319c46c4bd9edaaafbbb4db9d17afeeaffee705da9a6a45a35993175a26333f4c6d84b7e39d2b5897a036c1fcb0a36b56ad690cb2e1a1085957db32c4080cf32308747000104104000017f817c0578ad59261eaa646fa1dbc8bddfb41d3d8e06ea030f6821eddbb64e1df683b90b7c2f16fc56cd39aedfc050ebcdbf37fd69ff4e638bbc0910e0f3464fc108208000020820600ae433c06b1dfca6d284e929bfa523fd6e9e0d53966eabe53d3cf656cff9f361db47800fdb0bb9dd9e009f5b6f4a430001041040000107817c07f84c85789d6e33f6ae51be37a3facd9f0f7a920409ef7aac2023ffd63209f0417b203fdb11e0f3e34ea9082080000208206011288400afd5d139ea8f3c3125d47413b3197ed358ec1daecb3b8ebe7b5ce08735d9f7d7693a575f71a1efc582b99fce85ffedf577072acf6d451b4edac21020c017463f500b0410400001048a5aa05002bc395a3d61d26499f6ea9bbe6157e7abf7ea79b85c7c7e7fdf75dcdd3a5847e39f9cfc92eb0daad6fdf466d5a37b1c2a43ffdfcfd32a4f47e29f99324d5e7f6bb6e7bc7a027c617f1c09f085dd3fd40e01041040000104f228a0a3d62b56ad2d17769b376d249d3ab4717cf269bad5d570ade5cdfae0a37287c84679e6c58a9669be7af5ec966ef5d92f870204f81c6253140208208000020820800002510508f05105d91f01041040000104104000811c0a10e073884d510820800002082080000208441520c04715647f041040000104104000010472284080cf2136452180000208208000020820105580001f5590fd1140000104104000010410c8a100013e87d8148500020820800002082080405401027c5441f6470001041040000104104020870204f81c6253140208208000020820800002510508f05105d91f01041040000104104000811c0a10e073884d510820800002082080000208441520c04715647f041040000104104000010472284080cf2136452180000208208000020820105580001f5590fd1140000104104000010410c8a100013e87d8148500020820800002082080405401027c5441f6470001041040000104104020870204f81c6253140208208000020820800002510508f05105d91f01041040000104104000811c0a10e073884d510820800002082080000208441520c04715647f041040000104104000010472284080cf2136452180000208208000020820105580001f5590fd1140000104104000010410c8a100013e87d8148500020820800002082080405401027c5441f6470001041040000104104020870204f81c6253140208208000020820800002510508f05105d91f01041040000104104000811c0a10e073884d510820800002082080000208441520c04715647f041040000104104000010472284080cf2136452180000208208000020820105580001f5590fd1140000104104000010410c8a100013e87d8148500020820800002082080405401027c5441ceeb337c0000200049444154f6470001041040000104104020870204f81c6253140208208000020820800002510508f05105d91f01041040000104104000811c0a10e073884d510820800002082080000208441520c04715647f041040000104104000010472284080cf2136452180000208208000020820105580001f5590fd1140000104104000010410c8a100013e87d8148500020820800002082080405401027c5441f6470001041040000104104020870204f81c6253140208208000020820800002510508f05105d91f01041040000104104000811c0a10e073884d510820800002082080000208441520c04715647f041040000104104000010472284080cf2136452180000208208000020820105580001f5590fd1140000104104000010410c8a100013e87d8148500020820800002082080405401027c5441f6470001041040000104104020870204f81c6253140208208000020820800002510508f05105d91f01041040000104104000811c0a10e073884d510820800002082080000208441520c04715647f041040000104104000010472284080cf2136452180000208208000020820105580001f5590fd1140000104104000010410c8a100013e87d8148500020820800002082080405401027c5441f6470001041040000104104020870204f81c6253140208208000020820800002510508f05105d91f01041040000104104000811c0a10e073884d510820800002082080000208441520c04715647f041040000104104000010472284080cf21b653515fafdf241b366d49bd55a7760d6958af769e6b44f108208000025e026fbdffa9ecdcb55bda1ed0445a36ad0f560c0596af5e278bbf5c23fb55a92cbd8ee810c31650e5621720c0e7e10cf86ce96af964c92a59b5f65bd9bd674f991a54ae54499a35ae2b471dd6ce33cc3ff9e25bb26ec3e6d4bebfbcb04f1e5a4191c52af0dabb1fcb82c52b52cd3fe5d8aed2ae75d362a5f06d379f535fa29c6f10f5fcd5f0fee1c2a5a97aebf7f5597d8e8c34f072df63d352c7aa5fa7a69c775aaf9c7b146b810f3cf19fd2bfbf7a21d6e7b843d3a228c4cfb8668c57de9c976a4fa7b62de4c4a33aa7d536762a6c01027c8efb67da8cb9a9abfe202faf0f5e217e69046913db14aec0966d3b8c8bcaf5a90a7afd1a14350015ae40e66b96c9cfa98e186edfb13355492e9ad2efaba8e7af757fadc54f4fea1e69149e009f7e5f46d9d374d7633469584706f4e959e670d65fc79b35ae27354aaa3a1697c9cf7890f66838d757b5aafbb99e7704f82092f1df86009fc33e7c61fafbb26cd537a525ea884be30675a441dd5ab263e72ef96ecb76f962f957b2ed873fd2baa15b88cff597460e99282a4f0241bff4a306a03c352f2fc566f2739ac963e505a3400a8d7afe6ab07be1d5f753dfd3ad9a3590d37b1f11a96504f8487c69ef6c9e07fa2b4abf13ba950bc341cf935c7f2e839c2f41bfcbd3c663c7821020c0e7a81bac1f28fdc2e87d7467d75134eb4fb45abd73fa1d5dee27da5c7f69e4888962f22810f44b3fe81fb63c36a5608acee4e73493c72a18a03c54a4d0cedf20812c0f4c455f64d0f324d79fcb20e74bd0eff2a2efe4980310e073d481d6d1f79e87b695ee87b4f12cd9fae5e1343f2fd75f1a3962a2983c0a04fdd20ffa872d8f4d2998a233f939cde4b10a06280f1529b4f3374820cb0353d11719f43cc9f5e732c8f912f4bbbce83b39e60004f81c75e0a3cfbf219b366f4b9516e4a653fd99f6e9a9efa4b677bab9c9ed4bc33a4fd66b8e9c57b3cd3976e636e9ceb7b5cea9f6ab8b75bea1969b6e9939ea4eb1d7d76b8e64aeeaa4e558fb3f6c9d827ee9bbfd61cb541f5acf3fbff32617b6d6f358cb0be39ac9cf693a41c15ef76c795acfbbb046f63eccc479e4758ca0c12c93e796f59cb6df5f12249059eb92091ffb7745ba7d96abf32b937d11f45841cf934c7ec683d42dc8f9e2f65d1ee5bbcc5ab74ce48c206d651b6f01027c8ece10eb1def4102bc5fb5ec5f1afa819d31fb9332f3e7f51825c68d2e3dbab691433ab4f23ca4fe5178f7c3cfcaccd137773057c6e97d7417df1b79cc8b0d9d06347fd1f2d2bbfcdd565878efa3cf65de27cbcad55bcbd6f9a57eabf1b8354abfa81e7b7e4669f9970c38c1b5eee631ac5397dc5625f0aaafde087564d7b69e37b48509615e5fd4d62f685d094643c1ab6f7f54ba3291b629e80a31d69bb9dc3cade7acfd0f9b53d97a1c3d6fda1fd834d00a085ee79f9ec307b66ce4799ca0171f5aafa07f98bdeaa4e7a67e1ef4a65fafd51ea27e4eed374c3af58fd37d32fa0776d6bcc5b2e6eb0de57609fa9de0f71da49fb1597317cba22f56975b4d4bf7f5fb3c58dba6e7977adbcfe1b0e7919e07efcf5f52e673601ea34bfb96a9e50283f6bf57fb8384282f1ffd3e3ce99843525323831c4beb9289efcaa87d669a64ebfcb22ef2e0f54bb5753ba71b50cd7a7ef4e9327963f6c2d4ffb5dfafe0741e58bf47dcfadffeb72cea67dcef73a6ef5bcb70dbdefa7d6fff3e3cd2f8d5ffcdf73e715c40c3fc2e73bb49d72ccfebdc31bfebb51cbfe304692fdb041320c007738abc95f50318345879156a3ddef13d3a967e49b9ede3f565a87f18661a7f88fd5e5e4ba699f5316fcc359719348fe914e0ed37f53a95ef7683915f5df5fdb0d396acbf9238dd7710a4be5aae97753602bcf6ffdb1f2c2a17a2829e675102bcb6f5fdf95f380638b38ffc6ef4d33030f5bf733c8fa1c7aa5db3c458b2afa7e31f884c07f82075d2fae80566d0009fcee7349d001ff4f31c65e9bc203e66ff6bbb9d0610ac6dd3cfdbe469b3229d4741daad173bfa8aba0caa5fe8d6b03379daccd25f5dddbedb2e3ce338f9fbb3ff4dbdedb58c6490ef1ebfefca4cf499d63388b36e97cef965fd1c7b7d6f4c78e6b5d2411f6df715e7ffd8f14f8235e8dbcfc36c04f8743ee341fe96450df02bd6acf33c17bdbe5bb57e41ce67bfefe820ed649b700204f8705e696f6dfdd2d32f9c630e6fef3b2aee5598f503adc7d3978e76b668522ff5bfb7efd8955aabd89cb6a3ffce2994da471cf48f48e7762d53a367d58d65b3962c5b2b1f7fb6bc7444cbed8f8c591f1ddddbb5fbfbb5ed5bb76828cd1ad53596bbaa221bbfdb5a66debff50f92eed3f5e056a91579ea19e5eba8a6ae936faed8e3f787c9cd49ff60fdf3d5f7526f7b8dd2e8fbd66dfd2e36ccd106d35af7b7d657ffbf5b68c94680d72f5fed67ad77cba60da451fdda29ef039a370cb43eb5f9f3fe57eb3695ae6fad7f3c0f3ea85929ad754a93f50f9f5ae8b30cecdbcf3346beaca3bf6e1735f650619e7f7acee84bdb61fd8546db7ad119c797ebf24c0678fbaf375a66c736cd65ff5ad54bebb4f0f395a5e6e6f3189c46c2a37e4eadd325f41732f3f3ac1767e6cb3a2543b7b70661ad938e3c9b0f88d3ef21eb0557d08b3c2bb8ddc7faf9d5871a99cfb9b07e7e35a8da47e6ace791f6bb3afa9d476e9f2bfbf7987ededb1bcf2730cfa3156bd697fe52607e5eb44de9b45ff7f30bf0f67ed73ed0cfa5f9dd6c7ea75aebe2f6dd9a89efca4cf5592ece2ff3d76ab7606e9d5e6a9e976e4b795a0765ecbfc23a0578eb1413eb77fa611d5b97f69f7d1a5ad4cfb8dbdf2febbfb74e5931070ccc0104733bebd43efba219fa1d6dff6ed5cf8475a0cded82c91edead1941cbd6ef796b46f0bb1808d25eb6092640800fe69491adac5f267a40fdc3d7c108491abcc33e81d5fea5e1f40752cbb06ea75f42f627ce59dff71a31f11b9db6d7c769592e13d1fae5e2f561b74e6949f72127d6911aa70b18b34e5e3fdddabf0cddda66bf4873ea936c04786d83df28779013386808b68f0abb8520eb766e1750568fa07f409c8272d0baab83df140a6b60f2baf07bd61861b55ea40409f0e97e4eed9f65b76978d6cf8cd3e75d8f13e6c2d6e9bcb107efd38d75d09d7e36f79b0e91c9f3c8fa39776bb73d7c662bc05bbf07f43bfedcd38ef1f5d1ba387dc765eabb32537d968bf3cbfaf9730ae6a6af06fc2a952ba546e29d3e7bd6a0eff439f6fb1ef07bdffc6c64ea6f7190ef68ddc6efe251b7b15fd0ba2d476dffdbe6f44b86d5e1ffb3f726e0921465a276d0ebe9bde985a69b4576c46611595a447ca0510147066c065c00177e1f14c5658691918b8ca3c8751b745c51c68b8e808e282d8883e00c8dc36ab3af363688d040b3f4be9ed3fb9f5f9e1345545664466455469daaccb7e67a81539991116f7c99f566e4971159bf33e6f590c5a37c7bb3b5ed10f8d6f8e5da5bee646fbaeda1d4bcd4a9d108cd6ed1a8a92b5f3df9639e95b2619ea069122c79828b5f5991b9129d79e1b68d8225537ab2da606e9b25d5c97636b3608acf0f8e1c470b80fc2824252b4ffa93292dae1b26d7bb10be39f069a3d2b9823371d1cfba00fb5ed093a37ec9f6fac4a66e83295fb691b9a2045eeaac531a6cb160324db6cf25f0ad9ea73e377f66fc658d2e8b04c91385665f16979b0019bd7bc3ccdd53071fcc1b05dbe040517164e639bb6ef49362136204de1cec70956ff6a96bb28256af9545f4593be2cbec4fdb35548ba248f988e1c3e227b53676e68d94ad1c97a0bbbeb7097cabe7b8cf353bafc0cb4de459a71e935a74d6ef9b798d7395636e9b95d6e4d346b6f12380c0fb712a742bf91149a6189807f07921c4e7c75c97e973c2bb1ae81224dffa9882e4336aecba08bbea6d1e2f4d74b35e7432f7775dc0a42ee6a88fed78be9c5c232daefe7071b17def5ba6ef0f5bf2062c29f0ae11da641dcd91b9e44da46fdda5ccacfa9bf1e693c36bb6c125f0addcb0b9586a5666dbd246a29b898d66f7c9baf6141547597161abb7395aef12ecb476a7b5cb75fe27cb33e32d29a1edbe56fafc5eb423becc76dbc45ca7d8487c8f1c31acf6fe563245c61c11b6ddfcb8e2cff5bd4de05b3dc77dce339fdff3a2ae87e66fa3cff4d7aea7273eed631b7f0208bc3fabc2b7940bd5826814ebc528876c49947f6caec02a07cbcafd2e4a045d8d920b41329fbe1551312f2c3e8261fe20fa08bfad3de685dc368a9f75d131ebeb237472fcac29438beab73c1768571febef7dcbf4fd617349a7c9c2679620f3c7241983be7577097c9eb64959597572b53fd92fae1f669fd8498e304bcc0a2bc94d6fd747e7eb9a83143611cbc33aabed79e3c83cdf8b16f8bcd78bace982db79adf4edb376c59779cd36af0de6531db996cb3b0e7abae5e44dbd16fdb4811b57fcb9beaf82c09b0c7c9e809b37a43ec2dfae6b52598f83c07750cfea479ccf3cbfa4361b43dacc2f3e3fe63e232a7a1bf36662ddfabe8669d84c4cad08bccfac1a695de27a3c9eb69f29594909773d2234ebeb9bd79795225454bfe51156df10f72dd3f787cd25b0e6ec37ae912b29cbac5ff266ceb7ee2e8137fbc7e707cb75dca2fadbc5d2ec63db8c25721d9932699cda317a515cd81525f43afd6ec5aab5d10bc7bda9b3c88414781d47be8fedf3c46fdab99376b3d5cc08b54f59bee7b0de2eeb5ad94a9f49f9ed88afb4944dcdd7ec6bfd44c5bcb6bbce4bd775c0e7fb2a08bc79fdca1b83bebf9779cb65fb570920f01d180dc95c79db0b38458a81990660c32117cb09e346d5a4bedb045edaa44763926930ae149d667eecb3f629aadf7c7ea0f286b66f99799864b5d735e26cab7fda3ebe7577fd30e7e99fe44d452be78594e5e291a76e597386cbb144f08e3ce4b54d8b7c72361b5b5fc9754bbfe4db0e81f7bdc1cf13bfad08bcefe87ebb04be883ed33c42c797f964c214737d0e9837f0faf7cbbcb6fb8c1cbbe2c0f53d029ffd0b83c0e7fd05cebf3d029f9f595bf670bd0098e7c73c4b0c92a329f2b871e71d27ab71637ae297dcf414752e41f2ad8f7951941ff84913c67af3943a1d7ac09ededb9b1ba6bd7c95f6a856efdbcc885a56ca8e2f2797d0b9faa31948be65fafeb0491d7c04de77e4346bf614dfbabb04deec3b1f01731db7a8fe76b14ceb6f61f6d4b32fa9e5d108f9d2e56b9a5e2bc02c3f390fb888d34ed1f4b56347f7c453ed99d3ecb523073eef939c3cf1db8ac0fb0a8c8fc0b77aad2caacf923c42c4973e864e4534c55cb332d333cc27ac3ad7ddb66fb2eeae38707d5f3581971b297969d8f723d32c37fb92bcef31aabe1d02df860830e7724e2ea39d75f8acc7f945888139ca211235fb8899a9275c51a2e22a27547798f2a7476fcc97a5d2a60bcc9bd32af52707fed55e2c3277b9dd39f03e399ca61875d2087c96d0df79ff13b5a7693e2f6627cbf299b251efd30e81af420ebcefcd405abf17d567aeebb35c675b8d2fdbe08988f9cad5eb6a8ba69979f1e6755cced9fda2773ef44c5259ef4db904ddf57d1504de97812b2ef83e0c01043e0cd7ba52cd93c0f745c8e4885bf225bf22043e8f9c16252aaeb979437687166b3de26bb6296d8198bcb34ab8b6f7ed37d74c0c216e847ccbcc7351cf6a6fded9438a9a85266b2a3cf326c1b5f897c4aa6bee63dffe96b28a4ca1719d47beeb23d8cad1f5744d5f9af582a6943b5871d42db3d01479ad2caacf5c71a5bf6f25be7419e6a08b88f99a757df1d4a5b6b8d3e7a108bb4cc57cdbbd0be262d2aeeb3ef1e71b9f459ee33e7c5dd70929c3f75aeee2e04a31f5a92fdb842380c087635b2bd9bc10652dec615625b94f721ed7222e1aae1934ccfa98c76b75a4d1b52894795cb9103dfddc2bf18aae7bec3acdba208a6f179a1723498fd0b364b85238ccb6bbd22a5c2937be65b916b1ca7381f6e5e35ba6ef0f5bf226b49579e05d730c9b75cfca8596727ef1dbbb6a333ed9fa53bf2f21f5cfeaefe48c1cad9e17ae1f66d739af5f4497154d259d25b9685bdaf9ec8a69733fd78da5b9ad19272173e0f3cc039f4c25c9d376b36d597d95671e7853746d8c8ab85616d567ed88afe4b5ca7c41555e9496d8b69d67fa7aa9534045f45dd775d775ccf5bdaeabebbcf48d1bdfebb4eb3a51a4c0e79d4659fa61e3a6cdf18af0a4cff8f668f3db21f0cdb3cbb5a779a19691bde3dff2fa54194d2e2f1f4a0c7c57644cfee8b55a1ff307376b25561fd9cad309e6c5489e84486eb07c5c4f454c51cbba0133db95b6089029e6696d4ff6bf6b85c6561faf6b86be4f647c7fd85c029ffc3e6d5a51e9b71b6eb92ff3256a29cb14efb4f497e43b1f368133fb48faf14d6fd8a7617135e9ebbb1e58589753deea79e1fa61f649153197a19f73dce1d645965cefd7b8ce29f385f0b455467d62b8c838f2491149d6c9758396c521abaf7c57624dc6a2ed3c2fea5a59549fb523be4cee9a915c2b57afed8dbfb2cd0e957cda23a2ef7a82e68a3ff3fbac91fcc112f8ac2760be8331c2d3c5c17c6299959264fa846b113cd73586effd0820f07e9c5adeca0c6e294c027cb79da7c623cb3297ad7c56ad591fcf092f2bcbe94f9ae41575d148de581cb8efaeb53b67b9083cf1f4e2b83e52dfcd5bb6c4d56a5554a40cf3c74bcade7f9f5d6ad3db09ab9797ae548f3cb1a83652eaba18fb76906d0a34d70a87b6fa1eb2ffee6a5a34259f4cc7a79f12e81b02d93e4d2093f2243704fbee31237ef94fe6db7fe68525316ff9fbe8512362696d97c027df899036ca8bcc522f73655dd705dfec0b579c26a54afa596270c6b4496a7d24eecf463c16fce585da8f77d60d9f592fa9837e9c2ee7d72bd13a0b7f8e6259d65a90bfeb732c6d04361927ba3fa4dcf5bd1be37274dc3eb4e09942ce0b97c09b75d29ce4c0e64ba32603a99ff4e16ba29482a993c6c78b8c094ff3bc72ddbcdace2bb31ed21f72e3a59f8ee9971a17fef5c578577dcd0839022fc7493e0d31e36879740e497f3fb6f0b9b83e521739afe41362045eca35e35ef7835c2f2645c77e7ad1cb6a61746d95197accbaa43d392ae25a19a2cf42c5971973e60d8cfc3d6b54ddfc2dcbba06ebf25dd731f3464cc7b9fead3647975dd738b33dae73dce777cc6ca7fc16cb68b75ca3cd27d4450abcfc66cdbd797edd3578bf3d77aa5d57e458cfbfb45cc939afcf779f355e7cdaca36d90410f83646886dd42eebf059b252d445c3362a95ac93c8cb6107ee59cb2b2c42e093536536cb216ff7257f105c79bcbafc3cf575bdfc987ca2916c835ec04bbf0cd62e81977aa44d296abe83e1fae133dbe313a7bee745d6f920c74cfed0d86243e4fdb5d10dd3efef78c4297059d3ab6a79911b1c5d56abe785ebc75d047ceecdf734cc2493947033ed22ebfc90b83a315a0c67cca891b94e231fce52a08c94fe267a72229fd0022fc7709d57b28df4917c24c5423ea104de87911ea5d42f5ca6097c9e6b4fda39e2531f9f3e936d42c7573218cd276b5923c0c9f3d5b5389ccf75ccd6d6e46f86cf354eb7c9758efb9c88c9df30bd8ff994a0488197f2c513fe30fff19ac467d5b3d905177ddace36f50410f8364784fc08fff1a127d5e29757a42e7a22c27ce06b77cd9c32b1c88b4672e6001389fe915ffcf2f2c244c52c3f6b3e61e1b0fb2e3ba863de38b3d05e3247305cb29d3c70567d85d521fbefe195fb2717d8fb1f7bba61c12c19393cfcc0bde2917dddc7ed147869affcb099a32949d1f1f9e1d3dc7ce3549f17e6d3275d8688ce3ebb4f5787472fb2b9645344e59e879f6aa8bf194be68f9b4be0a45e32722b4f84f467fb68ead337ccdc3d1ed576fd50fab65fcaf6f971b79dab69729cec435d7ffdd4272b47de75c209e779773f56f7b4d02cff6dd13b2612c3ed9885c6acabf4875c5f75ba851943f2944fda9c277ed338f8f49530bae3be2794b9309f2e4ffaecd8371d10c7904f59b25fabd7ca22fa4cd7df768d2832be4ceee68be259d7eb64bad19927bf25338c7de2208d99f93e4fd1e7b8ebdc93efa5adf73ef297bad5dbcd0104d775c93c860f07d93eeddaaacbd24f29cca7b53e6d619be60920f0cdb36b794fbd7cb53c7e92f955258d22cf34932d572051809eee52ea238fe5da5917cd421e05ca634a332da0e8769ab3d19c71f2514e29b41d3f59df6659c945516e8ee42369232e412d9a455679ba8dcdb6ad99ba6a1e3a0ea48c665f86d2f50f194b797e289be191b68f1937597c429f57ba1e92a2243fe0122b45adf2da0a2f7d2dd37134d8e796c44951d7b656fbb4c83e6bb52eadf471bbf7953eecb4ebb48ef390d7381b67cd42c7743b7f23daddef9d7c3c04be937b87ba154ec0361f7ce107a1c0521010d171dd50e599c9a914506804042000010874040104be23ba814ab48b80f932972b7da25d75e2389d454046b56eb9eb51b569f31635e7b8599912ef3b2d6867b590da400002108040b71340e0bbbd07a97f26017314d57cc92d6bae7090569b8029e592162253be4aaeb2f949be58d8cc8aa6d5a64ceb2100010840a01502087c2bf4d8b7e309a4cd4cc1e87bc777dda055d036db8b88fcf061436b75d2d310ca1ff4ac419d90fb3d68d038300420000108b4950002df56dc1cacdd0492f379ebe9ff0e3d60cf765785e3751181e4e251695517b13f7ad6cc8e7871b38bf05255084000021068910002df224076ef6c02f292e1d2156be24a8e1bd3a3f68be68176bd98d8d92da276ed24a0172632a79194e3cba23c32ff3aa3eeedec0d8e0501084000029a00024f2c400002108000042000010840a08b0820f05dd4595415021080000420000108400002083c31000108400002108000042000812e2280c0775167515508400002108000042000010820f0c400042000010840000210800004ba880002df459d455521000108400002108000042080c01303108000042000010840000210e82202087c177516558500043a8780cc11ffd08267d4baf57d6ad3e62df14aad32373c8b84754e1f75434deebcffcf6ae3a6cdac2bd00d9d451d21d0410410f80eea0caa0281bc049e7ce645f5fb3b1ec9dc6dd4c8116af4a8116afb0963d51ebbeca0f6de6d7adec3e4dedeacd7e48963d57bde7964ee323a7987fb1efd8b9afff0530d557cfd7ebba9230fd9b793ab4edd3a8880c8bbdc04ca4756899e73dce16aeaa4f11d5443aa020108742a0104be537b867a41c083808fc0278b11a13ef1d84383ae485b66815fb27cb5bae6c6bb6b58c78f1d158fbecb28fcf16f793d02e611b76cd24fe0d63f3eaefef4d4f3351c7f1b9d97c9d57de5494fdf868df136edb8f9a66f200081ee2080c077473f514b08580998a22c237813c68db26eb7be77a3ea1d9000d940a473ce71b382497c9905de94ae5d674c5127ce3e84e884405304e466f0865bee8fcfcdb458facfdfdea996ad5c1b97fff1338e6bea38ec040108948f00025fbe3ea545152290479465db79773fae366fd912130a299f79ead56ddd75c3bcfbd5a2c54be36abffdcd07322ada6d1dd865f545e0bbacc3a82e04da4400816f13680e03811004f28ab23c8effcd2df7d5aaf2c1538e0e320a9fb75e21d8842ad3142a043e1465cad504107862010210b01140e0890b087431816644f9da9be7ab9796acf41e413673707ba217629339ba367ccdd4cbb71b9aa94f5a1dcdbffbe61787167849ab58b97a5dad6a33a64d6aea26aba8727445a44f9f7f69b99ab2fd38b5c7aed3ac7592634a6c2d5db146edbce324d54add9f7d6189dab07173fca4282de6a44eaf2c5bad468e18a6a64d99e8159bbe71d6cc76eb7a37a8c52f2f6fb9efcc6323f0cdf404fb40a0fc0410f8f2f7312d2c31816644d9cce17edd5e3bab63de38b3819088c83dd12c2b0bfffa622de5466f24b9f6fbec3e5d1d7ed05ea962d94cbdb2baa9d5fae8b24530fff8d093b51418f398d2ae19d3b657b38fd8bfa15ddfbbea66af286a25475966b679e4894575ef2ae883ee3875a23a70df5dbdd2755ce51c7ee05e99a2ab8551cf1ef4e89f17a9bb1e58581707c2ea90fd77af4d99295c6fb9ebd15aaeb6094ba6d63ceea883acfccc3891a71922fc37ddf650ed0653ef947cf15a666f796ce1730db129332ebd2d2a274df8f3c8b0ee73db2c4ab67adf71df13eaa9675f6a68a7dc80d8624a6f683b4ef2e5561b3c7deecab971d575b7d758f83c553367bfc9ea1fafa06723084060500820f083829d8342a01802cd88b24be04508e646a3f4abd7f6665632eb45d866ea9576b022ea2365a74dfd983cae6d3abfd0026fe6d567419f15dd3465cd335f4439a6c0cfdc7b1775dbbd0b52abf496c3f653727331f7e67b1a64dadc29ed7d8ba408cbcd555adc49bc9d79f25bd4cdb73f6c1565f306f31d471f6c95f850029f556fa957d6b9d2aac04bf966bfbb6244b6bff2badb6a9c4f7bc711cc9c54cce5985220d05602087c5b71733008144ba01951367fec45c00e884676f52729cb32fa28122792261f498f78fcc9e76a23ad6962d24cbd6c6442d4478e63b66bf4a891eae9452fd7b52b39ea2aedd11f53d664def71d26bf3a6fb76f1a8ed956b33ff4d30d493fd19f279e5e5cf7c420d9677abba2cad1922b7d2bb317c9cc4612039236b33c9a0d454699f5d4877a8d019925c57c4a20694ee6765247dbfb02c93859b5a6377eba23a3c293a2d8375cc10c0000200049444154937e9179d2b5d4cb8d80bc40ac9f00bc66a7a9d11a07fdfd676e97b6f6400881976349fb754cf58c1c1e7789a41b995344a68d74db04de4c7f32e34d18eacfc4f1636ae26dbedb22fd704a34c354dac7dcb68c6b34147b85a53408742e0104be73fb869a41c04920af28271fb72747df7ca74834f3e86d693879eb95d6d0a2ea638a5b56ca80cfc8649139f0c96940d3468ecda70722cd679d7a4c1db266ca11093ee3e4a31ad285ccf6a5099e99822115491b6137b7b36d935cc7c026f912b3bff8ed5db5d422a9b78d53723bdbc872088197f6a7a5a225fbe523ef7d6b43a867a5eac8c6be75bee297b7d618658daa9b4f307c46eb9d172136800004068500023f28d83928048a2190479465544ff28bf5686652ce4cb9b749a25963735b11aaa498e4a9571a8922eb23c7905ceec5afac48cdc7966d4ce14c1be92e52e0f394a547d8658455ea66aed899a71c53e06c2bc79a65d91616d2fd65a61565e55dfbe692678d1c9b3772593760e676b69b015f199636fad6db75aeb8faa628813763376b45602dfa693770c55c9928050210084d00810f4d98f22110908029ca2212bbefb283f568cb57adad7b31d0368a2982abf39d7d46e6cc948da4e81521f045d6c7b70bcc7aa78daaba84ccf7587283f2936bff106fee9240d9466ec04c69d7c769a61cbd92acce2b37ebec2bb95a3c5d75f715e134de523753ccb3627330043eabdec9badb6e2a8a1278330e6cfdaa6f62f5391e721d08df7380ed200081e60920f0cdb3634f080c3a81640a824f85d266ea30e5276be4551fc34ceb484a5511025f647d5c5ca4be7d1b36d5e55187167893512b338134538e992a949c3927afc0bbf2a88b16f8acb9f7ab2cf012e3666a9bed1ccebae9769d237c0f010874160104beb3fa83da40201781bc022fa2f8e6435f6b9dfed114b75c9588364eca6e11025f647dccd1ea054f3daf5e8c5ec65db7becf3aeda1de36b4c0bb6603f2ed8366ca31d926f3a511f87ef245dc784839ae9b8aa246e0e558e653abe44d619e9434dfd8633b084060f00820f083c79e2343a065023ea26c8eba653d362f52987deae56a7c91f59163f94c3f2833aec88c22f269a7c0b7b2a2ab4b106d9cb3f641e0bb57e0a5e63ffcf9ffc4537a26539bcc27665939f2aef392ef210081ce2080c077463f500b083445c0479425775ae73ccb41d2d2639233b58c183eccbb4e32eda13985a24fbd5c8517599fe4fce89223bcf38e93d5b8313dd13489a3959e92af9d39f0a644b72254cd9493956a81c077b7c09b37aae68da1d9e73e8b3db9ce4fbe870004069700023fb8fc393a045a22e02bcaa6c0a6e52c3733929b5679df7a6535bea8fa983730f2f2eeec2366a6ae68da4e816f2677ddc6ab9972c88157cab56a6e37a6d0487c98f3bceb276ee60baeae79e25bba20b1330420d03602087cdb50732008144fc0579493f3bfdb52368a7cc4ee5baf2c2245d5278fe09ac70c9d4263de58a4cd1a62f2913e94cf9868e122f393b71cd7f68cc02b650aafed86d7e7464ff791eb46b4c81c787d4c7d83a6a77835e33a6d7ad4e2af4e94080108842480c087a44bd910084c208f289b226113c6bcd311cabcd31b376d8e5251ead367a4c979ea9586a8a8fa982ff6b9a6fc33e535b4c04bbbf34c49a99fa248df1d3d6ba6da65fae41aba3ce5b8526eaa22f059ef1d9873aa77a3c09bc22eed7c249a22565651b6add910f81245f11080402002087c20b0140b817610c823cac95178db7cda66fe6cd60bafe6637adb823079ea95c5a988faf82e336f4a8fd4a91d029f9cc7ffddef7c937586a024efac85b3e4e5c5b472cc9b199f9558b3d24c5c23c7ba5f8b4845718d62fb8e769b622e3742738e9bd5c05b58dff88707e31741e5d34902ef9bbb6edefcca6c344f3dfb52dc9656a62b6dc7f58c63400002fe0410787f566c09818e239057944d81b12dc0233ffc736f9e5f5bad552467bf3d7752afd9696abc88901ceff99796ab857f7db12638b617307d17984a02dd7f9f5dea162b2aaa3ee632f392037ce0bebbd6f2e0a5ae4f3cbd582d5abc341ea1d4e2d60e8197f69bef27c8f10fd97f77356dcac478845deaf6f473afd4044cb64f4b81c85b4eda8248651e814fdec4ca39b0ef1e33d40e93c7c7eb003cf3c292380ee4efa3478d8867241a6c8137fb55c7aec4414f5447f3294cf25c4abeb82ddf27a70cedb80b1a15820004bc0920f0dea8d810029d4720afc04b0b4c99b549aa8c40fe61fee33589cf6a75da287ddef9e9f5316c690d45d42739aa6a6b9348db6107ee595b8db65d022f5279d36d0fd5ad949bc63c6b15d2a2ca29b3c00bd7e49396246bbd4af19df73fd111022fef2cccbdf99eda8da5aeaf6b34dd7cda22fbf8bc67d17957386a040108a41140e0890d087431816604de1498b4340a91c17b1e7eaa6ea4ddc424322023ef074423d9b64f91022fe5b75a1f2943245e4b59b2ce32ca7ae2b187aac52f2f57bfbfe391f8eb7609bcae8bf4cb234f2c52bd1b36362095fa1db2ff1ea9b3e7983bb45a4ed9055e58497cdeffd8d30d0b79c908f7e107ee158f6c6b0e833d029f16bbae1570653ff3663debe6af8b2f81541d02952580c057b6eb693804fc0888ecc847520c7a460eafcd99eeb777f15bb55a1f19d15cb97a5d9c0a242fe0ea39e08baf697325ca8d465f24f1adf22eaa9ce65ad11d7bc98da1dcb4c967c6b449d6f70f3aa925667dcd7517d2ea68ce4673c6c947757cfb3a8935758140a71340e03bbd87a81f042000010840202701db7cf0398b60730840a0830920f01ddc39540d021080000420d00c01f325d6ac29339b299b7d200081c12780c00f7e1f5003084000021080404b0424bd462ff265bee7e2932bdfd281d919021018140208fca060e7a010800004200081e208a4cdaec3e87b718c2909029d440081efa4dea02e10800004200081260824e77dd76b0a1c7ac09e4d94c62e108040a71340e03bbd87a81f042000010840c04140e67d5fba624dbcd5b8313d6abfbd7666d619a20602252680c097b873691a0420000108400002108040f90820f0e5eb535a0401084000021080000420506202087c893b97a64100021080000420000108948f00025fbe3ea5451080000420000108400002252680c097b873691a0420000108400002108040f90820f0e5eb535a0401084000021080000420506202087c893b97a64100021080000420000108948f00025fbe3ea5451080000420000108400002252680c097b873691a0420000108400002108040f90820f0e5eb535a0401084000021080000420506202087c893b97a64100021080000420000108948f00025fbe3ea5451080000420000108400002252680c097b873691a0420000108400002108040f90820f0e5eb535a0401084000021080000420506202087c893b97a64100021080000420000108948f00025fbe3ea5451080000420000108400002252680c097b873691a0420000108400002108040f90820f0e5eb535a0401084000021080000420506202087c893b97a64100021080000420000108948f00025fbe3ea5451080000420000108400002252680c097b873691a0420000108400002108040f90820f0e5eb535a0401084000021080000420506202087c893b97a64100021080000420000108948f00025fbe3ea5451080000420000108400002252680c097b873691a0420000108400002108040f90820f0e5eb535a0401084000021080000420506202087c893b97a64100021080000420000108948f00025fbe3ea5451080000420000108400002252680c097b873691a0420000108400002108040f90820f0e5eb535a0401084000021080000420506202087c893b97a64100021080000420000108948f00025fbe3ea5451080000420000108400002252680c097b873691a0420000108400002108040f90820f0e5eb535a0401084000021080000420506202087c893b97a64100021080000420000108948f00025fbe3ea5451080000420000108400002252680c097b873691a0420000108400002108040f90820f0e5eb535a0401084000021080000420506202087c893b97a64100021080000420000108948f00025fbe3ea5451080000420000108400002252680c097b873691a0420000108400002108040f90820f0e5eb535a0401084000021080000420506202087c893b97a64100021080000420000108948f00025fbe3ea5451080000420000108400002252680c097b873691a0420000108400002108040f90820f0e5eb535a0401084000021080000420506202087c893b97a64100021080000420000108948f00025fbe3ea5451080000420000108400002252680c097b873691a0420000108400002108040f90820f0e5eb535a0401084000021080000420506202087c893b97a64100021080000420000108948f00025fbe3ea5451080000420000108400002252680c097b873691a0420000108400002108040f90820f0e5eb535a0401084000021080000420506202087c893b97a64100021080000420000108948f00025fbe3ea5451080000420000108400002252680c097b873691a0420000108400002108040f90820f0e5eb535a0401084000021080000420506202087c893b97a64100021080000420000108948f00025fbe3ea5451080000420000108400002252680c097b873691a0420000108400002108040f90820f0e5eb535a0401084000021080000420506202087c893b97a64100021080000420000108948f00025fbe3ea5451080000420000108400002252680c097b873691a0420000108400002108040f90820f0e5eb535a0401084000021080000420506202087c893b97a64100021080000420000108948f00025fbe3ea5451080000420000108400002252680c097b873691a0420000108400002108040f90820f0e5eb535a0401084000021080000420506202087c093b77dbb66d256c154d8200042000010840a0590291f035bb2bfb75200104be033bc55625a4bc4b3a8a6a42000210800004ba9c00b2dff91d88c077601fe596756eaa3bb017a912042000010840a08309e47c588fd477565f22f01dd01f4e6147d03ba097a802042000010840a042041c828fd00f6e2c20f083c43f55da73c83aa9ee83d4791c16021080000420501202b952e353a41e996f7f3020f06d64de8cb4b74dd273dc38b4111987820004200001084020492067fa4bb30033e51e996f166b21fb21f08560cc2ec42aee29c2ec2deca9fbb7e9ac6e03370e01010840000210804071045247ca3dd52155e82dfb332a5f5cbfd94a42e003f26d10f766a4ddd8c7992b1fb02d140d0108400002108040f909d4897786d8fbca3c221f266610f8005c7dc43d75a47d40d87d65bdae1cd26002f42645420002108000044a44c09072dffcf79a84a7a6cd58f824b645e48b8d2104be589eaa4ebc2d426d15770f698ff76b51d07d6f0a0a4642711080000420000108b48940cba21cf94696d867c9bc75bfba1b861645a64d0cbbe130087c41bde41a756f10f70c69f791f53c79f5053591622000010840000210e87602cde4aba7487d9acc37883ca3f185470d025f00d2ac51775f714f9376d788be54dffbc5d702da4a111080000420000108743f019f1c76eb68be45e69b11f9969f14747f17b4d40204be257c22cfe6b3a1570bf31677cbf16b65d6bdc09a52d1c4d328d2645aec5076870004200001089494408334fbe4b40f6c6313ee64428c97c8935253487421f04d62cc4a99b1bd586a6e6f1b6d4f4abbef0d40b2fabcd4da6487b21b042000010840a08c0472bcb4ea14f034994f8ccadbcaa91bf127a5a6e54843e09b40e89d3213dd9a66897ba6b4a7e4c8fbe4c74b9318896fa263d9050210800004205042025ee92a9ea9313511b7c9bc4de4b36e20188d6f3ada10f89ce8bc52662cf26dde6ca68abb21fc72b26db755a94d9bb7a98d9b36ab4d9bb620e539fb8acd2100010840000210c84760c890216ae4f0a16af888616ad8b0edd456b5ade61ff18d404ddc07cab588bc995a936734deeb46235f734abb35029fa36b7de53d6dd4dd47dcd5d6edd4baf51b55df864d6acbd657b57ff8b0a16a08b32fe5e82d368500042000010840202f81cd917b6cd9128d200e7cc43fc68e1aa17a7a86a92d91cecbc74be4f38cc633129fb79ba40fb6db2e124bcf457473975faa1d9c2f972653668cd6c7fbd646e607be30b6dfb659a9b591b8f746e22e9f512387a911c387a991d11db0dc09f381000420000108400002ed20b03592f80dd1d3ff0d1bb7a8be8d5116c0e62db1b48f1b3d428d1e3d3c1e95cf12797324bd61343e2da526e365d976b4b9db8e81c07bf658b3f26eee57bb4d32c47d6b24ee6bd66d884e92cd6ad8d0216afc98916a74cf88cc45143cabcc66108000042000010840a065029ba3117919645cbb7e43aceee3468f5463c78c481f914fc83812df7217341480c07b30b5a5ce24677bd1db982f99368cba9b23f4dbb6536bd66c8847dc45dc278ced89c47db8476dd804021080000420000108b49fc0d6487256afdda0d644222f52befdf8516a78cfd0861c79f3455733075effdd4cc1e91fc91f680ba934de9d8ac03b50b52aefc951f7f8bfa3ff2d5fd91be7986d3f6e941a1b3d92e203010840000210800004ba8180bca3b762f5fa68107273ec30e3c68e549bb76e8d45bc213f3ece85d739c4afca3a12df5a4f23f0be026f5b54c9cc61173137679f89bfeb2f3c7a7f7be09fd1bf6fdaa696ad5a1f6dba9d9ab2fde828bf7d586b3dc8de108000042000010840601008ac5cd3178fc6f744efeb4d9c302a4ea9d1ba249e239fd8dd3d24de364f3cb3d2a4772a029f11f09979ef3ef26e6e131d67abc8fbcaf56a68349dcc0e93c6c6a9337c20000108400002108040b712108117911f114db83179fb316af3b6e885d781c6e8517624bef8de45e0539866a6cea4cc36a373de751e7c2d2f5e6e3ea3f9dc97ad88e43d9276917791783e108000042000010840a0db09acebdda896afee553dd10c7a13c7f74423f1db9c129ff6622bf9f07ed180c0bb043e39f563fc3ce8d5954ef5fb163679afbdd01ae58a2d5bdeab86c8c87b74772a12cf07021080000420000108948580cc52b3624d6f3c43cda831c3fa938707e6824f1b894f8ed46b1699abbd9605588bed40e02d00bd536706f6cd9277f96ef5aa0df11caad3278f43de5b0c58768700042000010840a03309e89cf82913472b15bde2678a7b1e89271fdeddbf08bc87c0dbe66faf4b93497b6135da68d3862d6a55345de4e409a39926d21d8f6c01010840000210804017137879f95ab579f356b5e3d4716a63b4d88d887be68badc68aad5e2bbc76319b22ab8ec02768b632fa5e37db8c187ef4ff962d5f1fadaa3a3c16783e108000042000010840a0cc0464d1a71797ae8953697ac6c81cf1fd23f1a6c4275f6ab5a5d2300a9f1d2508bc43e0ada3ef03fb585367a2eff4df37acdf12af5a3663caf838ff9d0f042000010840000210283b81556bfbd4ea6895f9e93b8c539ba25969f4349262424da5d22456762d3b3f9ff621f006259fd1776beaccc04badb5175a65e67759ac69d9faf80e545659e503010840000210800004aa40606b3479c7e225abd5f8c87f86f50ce95fe049cf0b9f26f189175e8513a3f0e9d182c06708bcefe8bba4ce98622f22bfb96fab923bd09d768846dfeb22b00aa72e6d8400042000010840a0ca04564633d2acebdba4a64d191be5c2f7cf0d5ff752ab287d6291a7cc541a46e1ebc20981cf21f0aed17733a566d58a3e356cd8103575e2982a9fbfb41d02108000042000810a12d8b8698b92175aa7441eb46d58342fbc21eba9a93459a3f0083c026f3b8f92e933b946df070ad423f15bb76e552b96f731f34c052f58341902108000042000817e029246d3134de4314a5e661d1871af4ba56114bee95061045ecbb736f6e4c24d89459bb25e5c8d6f0ea3ede3f4996859e19da6f2f26ad391c98e108000042000010874358115d1eaac7d1b37abc99346a9cdf226ab8cb08b2a0dcc4a637ba195341abf2e47e01d026f4e0d299b9a021f8fb82746dfe52f7debb64473a06e51d3268df5eb05b6820004200001084000022523d0bb61935aba72bdda319a8d269e133eef28bc7ef1555b3d6934b50841e0b5940f8c9ef74bfa009fc4e87bfc9de58555917ad9457fb76ed5463562f850b5fdf851253b15690e042000010840000210f023a0e7849f1a0d686ede2e7a917560369ab4517833bd26d632d9a126edb511d3f85fe2ef2afc41e03d04def6f26a9dc80f48bd1e915fb9ac379a3a72543485e4880a87164d8700042000010840a0ea049e7b7955ff8066a444b1b89ba3f0faa5d5642e3c2fb33ac30681cf10785bfa8cce73af8dba2746df659f95cb7881d519796c000108400002108040e9092c8e56651dd3335c0de989d53d7b14de185937576eed1f716704de0c16045e0bbce3e55581a647dd4db137ff16a7d144428fc097fe7a44032100010840000210f020f04a3495e4b06143d5f0d1b2a0537f924c52e46341b7e4c7f78bbb3d8d86149a8840249d3aebdba32bcab5896bfac8d4f41943fc651b9d3e138fc02fed8be63d1dad46455327f1810004200001084000025525202fb18a838f183bb45fd20d598f67a54948bdfe5bff3fc9834f8b9bca8fc0a7097cb3e9337227b48a149aaa5ea76837042000010840000206011178f9f40b7ce3e87bc394927ad43ddeb6ff537bb995349a1a59043e65fef70681b7cd3e93787955a7d320f05cbb200001084000021080808aa791ac09bc390b8d251fbe36eaaea78f44e05343088137043e6dfac886b9df07526624be92e933f1087c94423379c268353a7a69830f042000010840000210a82a819ac08f3346e08d91f8fec59d8c975b6594dd48ad8947e09379f0cc072f4cc881d7cf68bc055e62cb32fb8c9e0b7ef5b20d087c55af54b41b02108000042000811a012df0c3c7462fb12672e06bff9d9207ef5a95b5ca2fb2565ae0f3bcc09a397d6442e81178ae5c108000042000010840e0d5149a3a8137857d60845d2feed43f22ffeaa83b2fb2daa308818f9fcdf4c3d123f0ade4bf6f8d0a59b39c11782e5a108000042000010840408fc00f1b33440d1171270fbe90a040e073087cd6eaab22ee7a2ac935a4d014129c140201084000021080407713a8097c9c42d39fef1e8bfcc0bf6ba1375f60adfdedd5315666a2498401029f57e0e391fa8131fa28fab66e7d55dc11f8eebec8507b08400002108000048a256013f89ac80fe95fa449a7cc34483d029fda19087c52e0e39965fa5f6fd62bab36cc3663bec06a083d025fec494f69108000042000010874378154814fcb831f9891266d261a199daf499a087eed0fddcd296fed11f801816f7a061a043e6fccb13d0420000108400002152150b4c0c7da3630d564ffbf6ba3af08d0816622f029021f0bbd1e8def7fc2f3ead491c911f881059d741efcdae51b9946b25ae711ad8500042000010840c042400bfcd031fd93465a5f641d10713395468fc0d772e3990bbe8e2e029f9881464bbb29f00d5348da56608db0ea7c78049e6b1804200001084000021078751ac99ac04779efb55cf778ac343133cd80a8fb4e25c9087c05a34cafb02a4d4fa6d0e415f8fed1f7fe517a04be82c14493210001084000021068205037023f90f7de3f0b4de34c34cdcc058fc05730e832057e8047ddd49129abaf9a5348caf66b97914253c170a2c910800004200001082408d4047e6cbdb4dba6926c18751f58a8c7fcbb146fbec88ac05730e46c029fb688936d0ef8a4b8c723f0087c05238926430002108000042060239026f07573c20f2ceed4cc5cf0087cc5e24e4f15e9bb0a6b83c047bc6c73c023f0150b249a0b01084000021080402a01a7c01b39f1cd087cff887cf566a2a9ec4baccd0a7c3c423f302b0d02cf150b021080000420000108a413f015f87ebd325e68d5a3f222e803c5f767cdd7a7d020f0158bbea6043e62a45761d523f27af126f39fe4c0572c98682e042000010840000256022e8197c1f3da0bade6e24e087c664431029f9846323307de43e0252f7e1df3c07319830004200001084000024a0bfc90681ef8ba1757e391f5c629246b534c22f008bc8d402123f049a18ffe1b81e76a05010840000210800004fa09640abc39e22e42cf08bc77d83002dfca083c02ef1d686c080108400002108040f50820f061fa1c81cf10783dcda42cea54cb7137e7822f89c02fd9b45a5dfcec35eae175cfc45176d098ddd445af394d4d1d3e3e4cd4512a04200001084000029520d08ac0f7cf4aa35f5ded4fb9918f390f7cff7f330b4d2582491ae993429357e0f56aacdd94032ff2febe05df50af6c5a55d7f73b0c9fa07e35f37c3561e8e8cac4040d8500042000010840a05802a6c08b66d7adc2ea48a141e0d3fb8211f80247e0bb51e02ff8eb55eac6e5f75b23e4c4c987a92fedf6be62cf644a8300042000010840a0320410f8305d8dc0575ce08f79f822b57cf35a6b744d1a3656dd7ad0c561228f522100010840000210283d01043e4c1723f01517f883eefffbccc87af8906f86893c4a8500042000010840a0f40410f8305d8cc023f0087c98738b5221000108400002952780c0870901041e8147e0c39c5b940a010840000210a83c01043e4c0820f0a6c047ffae67a789662eeafff7f86f19d348ca049303df77e34baca4d08439b128150210800004200081fa859cea66a1195869b5b6f26a042bb99053c32c34325d643cb5e4005991b581fdaac61a8147e0838fc07ff3b29f36755eedb7cf1eea75fbeea976dd79baf7fed75c77937ae1c557eab6df69fa0eeab4938ff72ea3ac1b2e7afe4575ed0dffddd0bc534e7c5b2ec6ba803be73fa8ee79e0d186f2fefe9cf797156153ed4ae30ea7a670b2130420d065045247e011f8967a128147e0830bfca1b34f6b2948a74c9aa8feeea4e3d487cf3cc559ce991ffdac5ab0f0e9baede446e0ca1f7cc5b96fd93710e1fed4055f6e68e6b7be7c813a72d6c1b99b2f376657fff2b70dfbdd37ef9adc6595798734ee702a73afd3360840401340e0c3c402028fc077bcc0eb0a8ac8ffebc59f51fbefb7776a9d11f8f4ee44e0c35c445da522f02e427c0f0108949900021fa677117804be6b045e2a3aaaa7475d76e945a9128fc023f0612e95cd978ac037cf8e3d210081ee2780c087e943041e81ef2a8197ca4a4efcdc9f7ecb5a6f041e810f73a96cbe5404be7976ec090108743f01043e4c1f22f008fca008fce9a7be5365bdc4f7d88227d5f77ef47375ef838f59ebf7a50b3fa98e3ff6cd0ddf21f0087c984b65f3a522f0cdb3634f0840a0fb0920f061fa108147e03b52e075a5d25e949c7dd42cf5b52f9c87c0e7b82e90039f0356819b22f005c2a4280840a0eb0820f061ba0c8147e03b5ae0a572c7487e88690000200049444154ffddd96ae9f29575f54c9b5986117846e0c35c2a9b2f15816f9e1d7b420002dd4f00810fd387083c02dff1029f47caf36c6b6bf8aad56bd5cdf3ee50f73df8b87af1e525b54dc68e19adf6d96b37f5b6a38fc89c05c7759aa695ff86835ea792f3b1dbe6cf6f76ce76a957278ec0df74cb1df1b49f0f3cfca73a74c2436ed26c69522ec6fa7bcdfacf4f3ea316fee5196bf9471cf67a3561fc58df22ebb693f9dd7f7feb5deafe871e576bd7ad8fbf933839e4f533d5a9d1b4a7badc56053ead1dcdc4a46d9d84c3df70406d1a513d67bdee0f39c66597fe73537cd809021080801040e0c3c401028fc023f0110191a44b2efda19a77fb7ce79926d3595ef4997372cf9dfea32baf55fff1f3eb556f5f5fea314e3a617654f647e3ef6df3e7373b677ba709bc88e41557cd6d78b2920423accf3a634eae85b8f2f4a5cc6af4f663dea43ef99133bc455ecafff60faf52d7ff6e5e6a3f4ab99f38fb7d71bd9b157839ce1557cf55736ff89fcc98914ac8cdce473ff46e674cda6e70f5fb28ccebef3cf5d900021068820002df04348f5d107804bee3057ecefb3fa56464d0fc98a26bfebd9911787961f69cf32e764a5212545a1ebe0de8f99fbfd4ebe640f63dece0fde351cf320a7c1eb936390a93af7cfe1f9c92dd6c5ffaac3120f591fa7fe8dc0b1be231ed243aff9367a99da64fb32ea095b59093c4fba7ffcf57bc8fa38fef7a393c4de0c78d1da37ef0e35f589bc182531ebfa46c020108a41240e0c30407028fc077b4c04b8ac5e72ef976431d651a49994e32f9c92bf069a3a3bea79b8fc4e7917753c46cab9c76fb08bcad7f7c59bb56d46d56def5f145e27f71c537526f12f2cabbab2fd3c4588ef3cef77c2cf70da58fc4dbf8cbcdb0a402a53d1942e07d2394ed2000011b01043e4c5c20f0087cc70a7c5aca49d628631e81cf12254981d87fbfbde2bcf7b56bd7ab071f5d903a1a9a559fb41b10819e3cc69df31f70a69474b3c0a7a56888381f39eb0d6adfbd778b635172d6d358e4ed7b294f6ef48e3ae21025b9def2b9e78147d5cdd18d61f2c568f92eabfc8bbffe83d4b41969c38133f755d3779caa163ef58c7a6cc1534e014f13e3b49b1cdd0eb991797ef1cbf171eebef761eb71d2e2c456b6c461565a17021fe6c7975221501502087c989e46e011f841117891107951d1f679f1a525ea91c7ff9c5bb0a4ac3c029f36322ea3ea179ef79186915891f14b2ebdbc41764480aebefcabd62702b61974a49e69c790dcf0ef5cfeb354a10a21f0455f5a6cc2272921920a95fca47190edd2fac7f6f425ed498ae4857ff8cc531a8e9b369a2e227ed3af2e6fd83eadfeb2a1ed183ea942364ed2ff5ffbf6150dc72faa1d594f40f4fb06c7cd7e732df6a5ddb6275d45c70ce5410002e52580c087e95b041e811f1481cf13ce22c8471c76907aff7bfed639038cafc0a70999ce3f4fab5f9a28da72f2d346df5dc7c81ab5ef5681b7c9b88b43da0d998db53cadf9df3bef8d67b4d11f57f9697d79cb755734dcbca58dbea789b5ae4356fa944de06d377cae63a43d49b22d769635baffe3ef5ee27cc720cf79cbb6108000048400021f260e107804bee3055e4606777fcdceea98a30e77ce46e22bf0227cb697f6d272eb4d483629939b8cdb6ffc691dcb3479b30962b213ce39ef8bd65568bb55e08f7ac7fb1b9e2af8b096bcf60f7efcc23a3c69a3e4e64622e7bbecb4a373f4d8f745619b58fbd4232b4d2b29f0cdb655da6d8b67dbfb196902ff93ef5de2bc390ef31344a9108040d90920f0617a188147e03b5ee0cd0aba660bf11578db76ae115b5d8fb411f2a404d966cf69f518dd28f0b6916e49cb1081f7f9d8e4d947fe5d65fbce8b2f127eecc9673514e71a19778dc22705def68e40da6c4bc9cad89e28d96e306c719fa72f5c4cf91e021080409200021f26261078047e50043e2b075e2a94f522a08c765f76e945d611435f81b78dbcfa0a99d4cfb6bf4c1928f37eeb4f886384107811b831a347e5bec22c59badcfa9e828f988a5c1e77ec9bbd8e697be1342f0719dd161197149b356bd7c5f175ef838f598f9f2c3b4df47d47add36ef8929cd26237ed5d9164e56db316f91ee3ca1f7cc5ab2fd808021080405e02087c5e627edb23f008fca008bc6bbe6a5da9b4994b44e27ffb9fdf6fc8d96d45e0f348a16d5438d926dff48cb40eb0a59de4a963b25cdf1167bf4b8752be0bffa46de77b1cdb7659375b7ae5d25b6fbf47fdf5d9e79d33fb24cbf71578dfd9597c17726a658acd3496c99b0cdff3a395be615f084000022601043e4c3c20f0087c470bbc542e2d5fdd26713e8292961291478eb356b4943a873a469e3a768ac0674dbfd8ec652ded06506e167c562ecd3a6e92b1ef087a5a99be026f4bb96a968fde2fd9169ff3a3d563b23f04200001043e7c0c20f0087cc70bbc54d036e26d5bd8c757505a1d1d7709bcd4b9d563d8dadc8d021f6204de26f0790458cfa9eeb35896af80b72af02146e011f8f03fa21c010210c826c0087c980841e011f8ae10f8b4195d9acdf1b5c9b56ddabd3438b6f4169f149a649e7c16fc566f003a6504de26f0f232ef19a79dd8f4552d39c34cd64d821c4b16e4921bbe7163c7448b461d5c3bae0fe33cd34dda1ae47b03907653a817a06a06d6fefbed5d9766e67b83dbccb1d807021080808d00021f262e107804be2b04de37dfda57507c043c0d4c5a7a4cf206c0760cdf59456c530a4a7dba7104de9602657b7ad2ca25cec65a46d9ffedff7e36732ac95604def7862f2d052c79f3699b3ad4f75d115f76bee7876f796c07010840c045008177116aee7b041e81ef0a814f4b2f687604de264bbed3e9a5ad96999cdad0760cdb7cf1b60e48cb1bef4681b7dd8cf872f0b9aca5ddecb8a69accf39e824df46df3acdbeaeb1bbb36d1f79d76d487936c83c0fb92623b0840a02802087c5124ebcb41e011f88e17f834416b25073e4dc27d04d977519fb463b84655a5bde79c7771c3c247dd3a022ff5b68d90fba61349fad4f41da7c6e92fd2e7c9f419df149564a0e789019bf8a6cd84641e272d76651b9f859c643bd78d886c23f3c07ff7df7f1673da69fa0ed1ffa6c5d3ac4e183fb6aed9087c981f524a850004d20920f061a2038147e03b5ae045ce3efb856f5a65d626c2be8292b642a6cc4ffe8b2bbe91baa47c5a2ebe6d469cac5538d3a64114e1fbc78bbe9e3af5a1cf0d465a870ed63492521f5b0a54d67cfeba0db651e9e4e87d3339ead2371f3af7c2587c931f1be334d997a7363ffeee25d678c93a864de0e56f690b2da51d43d7ddf6b4c7367aef7b7e84f9b9a1540840a08a0410f830bd8ec023f08322f03e0b3965cde12d1277f5e55f6dc86fce23286979f522f1679d31a76e512611bd2f7ff3dfad8bffd856bcd450b35eaed433a1e86db31617d2db74abc0a7ddcc483f7ee2ecf7d5b196b6caf6575c3d57d9668949deb8a5a5c2a4a5b8485f7efaff7cc52aef726c1be3ac9b31e9c7b33f70aa3a7e60612a3d0ffd1557cdcd9c83de368f7cdacd881ce3bc8f7fb0ee055ca96b565cdada91e7fc08f39343a9108040d50820f0617a1c8147e00745e05b0de7b411ecbc82e29a7a50c469c9d215d62700be52ed3a868d8548aacf148779380ee608bcd4336d145bbe1391df6dd719b5e6c88aa9b64fda1392b43c73d9fec8596f5063c78e8e8b6be526296d3e78571f481d962e5fd9b059da4250694f79a400296bea94497159ebd6f7a6de84a4e5cee73d3f5c6de37b084000022e0208bc8b5073df23f0087cd7097c560e795e4171a539b84e2b9f3ceebcc7d06919c79e7c56c3e1bb75045e37244be25dacb3526eb272cdd3ca951981aeffddbc5c8cb3e4da761ca9f385e79dad3e77c9b7bd055e36cc7b1cb3f0acb49ebce787ab4ff81e021080808b0002ef22d4dcf7083c02df35022fa38f177de69c863402b301cd088a08f667bff00d6b7a4c1a1c2d663a6dc275fac931befdc3abacc268ee2b23a75ff9fc3fc439d53e531cba8e6b7e3fd823f0a6c47fe7f29f653ed548b64ba4f48b179c1bbf9899f6c97373a0d36b9a61ecbbb2acbee190beffd4055fce25f0b2b1ef71d2e2c7c6a999f3234f8cb12d042000812401043e4c4c20f0087cc70abc4eabd867cfddd4bbde796ca6bce946b4222822b83ff8f12f545afa861c436e228e8b729dcf3a7d4eea8bae59402567f9f7b7dea5fef7ce7beb369b3e6daa3ae91db3732f3294e7b2d029022f75d63734c2a2b7af2fb51922eeef997342438e7cda0e7a369679b7cfb76e22fdf777271da73e7ce629f1f7cd08bcece78a15b941b8f0bc8fc431d2ec2c39721c79b2f0d3fffc8d4a6b8f6ea45e18cb5ca40a81cf7376b02d0420108a00021f862c028fc00717f830a11bae54914b11a77b1e78b4761079e976e719fd53f3b5ebd3ac5cb6ab7e451d47583fbff8e5ba1b27597dd4360da2ef31751fcacdd89ab5eb6a532bba04d7b77cbd9ddc303cf7c24bb558913879ddbe7b662e1e95f7187a7bb91178e1c597a3ffbd12ff494fab59749b9aad1ffb41000210b01140e0c3c405028fc023f061cead964a153194975f939f9f7cef92b6de44b4d40876860004200081ca1340e0c38400028fc023f061ceadb85473345f664091cf6597feb3f38869d34fa6cd5ce22c900d20000108400002834000810f031d8147e011f830e7562cefb69964d2e627d7d5485b89356d6ac040d5a75808400002108040cb0410f896115a0b40e01178043eccb915979a361da0e44acb749866beb4e438cfbb6d7eea4c35ad4c2119b089140d010840000210482580c087090e04bee2027fccc317a9e59bd75aa36bd2b0b1ead6832e0e13791529356b05cf3c0864cef28b3ef3d13cbbb02d04200001084060d00920f061ba0081afb8c05ff0d7abd48dcbefb746d789930f535fdaed7d6122af42a5a6a5c4f82270a5dcf896c37610800004200081761340e0c31047e02b2ef0af6c5aa54e5ff04d25ff343f3b0c9fa0ae9d79be1a3fb47f097a3ead119091f84b2efda1733e6ff3283267f9a7cf79bff25d2caab51ab237042000010840a07802087cf14ca54404bee2022f41b064d36a75f1b3d7a887d73d1347d981635ea33eff9a77ab29c3c78789ba0a97aa1772baffa1c7d5cb4b9629f96ffd3117ae9afd9659992bce5618214d8700042000812e2280c087e92c041e810f1359940a0108400002108040e50920f06142008147e0c34416a54200021080000420507902087c981040e011f8309145a91080000420000108549e00021f26041078043e4c64512a0420000108400002952780c0870901041e810f1359940a0108400002108040e50920f06142008147e0c34416a54200021080000420507902087c981040e011f8309145a91080000420000108549e00021f26041078043e4c64512a0420000108400002952780c0870901041e810f1359940a0108400002108040e50920f06142008147e0c34416a54200021080000420507902087c981040e011f8309145a91080000420000108549e00021f26041078043e4c64512a0420000108400002952780c0870901041e810f1359940a0108400002108040e50920f06142008147e0c34416a54200021080000420507902087c981040e011f8309145a91080000420000108549e00021f26041078043e4c64512a0420000108400002952780c0870901041e810f1359940a0108400002108040e50920f06142008147e0c34416a54200021080000420507902087c981040e011f8309145a91080000420000108549e00021f26041078043e4c64512a0420000108400002952780c0870901041e810f1359940a0108400002108040e50920f06142008147e0c34416a54200021080000420507902087c981040e011f8309145a91080000420000108549e00021f26041078043e4c64512a0420000108400002952780c0870901041e810f1359940a0108400002108040e50920f06142008147e0c34416a54200021080000420507902087c981040e011f8309145a91080000420000108549e00021f26041078043e4c64512a0420000108400002952780c0870901041e810f1359940a0108400002108040e50920f06142008147e0c34416a54200021080000420507902087c981040e011f8309145a91080000420000108549e00021f26041078043e4c64512a0420000108400002952780c0870901041e810f1359940a0108400002108040e50920f06142008147e0c34416a54200021080000420507902087c981040e011f8c2226bd5eab5eab9175e54fbefb777616552100420000108400002dd4b00810fd377083c02af1e5bf0a412f9cefb99307e6c4dd6a58c73cebb58f5f6f5a95d779eaee6fef45bb98a33ebb0cb4e3bc665b4f373e7fc07e3c3c9cd87b48b0f0420000108400002ad1340e05b67682b018147e0d5991ffdac5ab0f0e9dc11b6df3e7ba82b7ff09578bf6f5ef65375f52f7f5b2be327dfbb24d748bc5987d34f7da7fafb73de9fbb3eadec70e8ecd3e2ddef9b774d2bc5b02f04200001084000020601043e4c3820f0087c21022f23d89fbae0cb71942647e0cdefd224b9dd022f4f1c7e79fdcdeac3679e12d73929f03fbaf25af5f663ded4f62701614e734a850004200001080c0e01043e0c77041e8157d75c77937ae1c5571a22cc1c519f7dd42c357dc7a975dbec347d0775dac9c7d7feb6e8f917a31cf897d491b30eaedbae1305fee2afff405dffbb79b1a07ff18273d53f5ef475b574f9ca38f5e7c22f7d2b7e22216dfeda17ce0b73e6512a042000010840a0020410f8309d8cc023f0a991a547a565836f7df9820631f70dc94e147849f9997bc3ffc439fbf219d5d313ffbbf9cf3927beb5eda93cbe4cd90e021080000420d00d0410f830bd84c023f08508bcbc84fad56ffdbf5a59921bafffb66e7daf92d179fd91dc79f99c78fcd1b5117c9f141ab911b8fec679eaa9bf2e8acb9b3269a23a70e6beeaa477cc6eeae642d268aeb87a6e9dc84bbd2407ffacd3e7f0326b986b0ea5420002108040850820f0613a1b8147e00b1178db287bf26fc903992fabba045ea7bca455b6997417a9df0f7efc8b861778e5c6e0ac33e6d4a5078539fd2815021080000420506e02087c98fe45e011f860025fd4087c72861bc95b3fea8843d4c2a79e51f73ef858adfe279d305b5df4998f7a9d29e79cf7c5dabef244403f25907fd733f234331da6d7c1d908021080000420501102087c988e46e011f86002af0b6e25075e5265e6bcff53b53a9effc9b3ea46c6e526e1831fbfb0f6bdeff495f2e2ee772eff99fac07b4f8a67a23167a1911968fee3e7d72b72e0c35c7428150210800004aa4300810fd3d7083c02dfd1026fa6cea4a5c998dbe41985979b03bd6054721a49c98f6741a730171d4a850004200081ea1040e0c3f435028fc077b4c02773e30f7fc3010df5bde781476b8b48998b4be53965b4c0df72dd15887b1e706c0b010840000210c82080c087090f041e81ef68813ffeefce8ee767f7fd342bf0bee5b31d0420000108400002fe0410787f5679b644e011f88e1678732e7a9fc046e07d28b10d042000010840a03d0410f8309c117804bea305de4ca1696531a930a70fa54200021080000420904500810f131f083c02dfd1027ffee72f55f36e9f1fd731cf0baa614e174a8500042000010840200f01043e0f2dff6d117804bea305fea65bee509fbbe4db711d47f5f4a8ab2fff6a6de6185d719985e6cef90fc4abb2ce7ecb2c75fcb16ff63f03d8120210800004200081600410f830681178043eb8c027e76a3fece0fdd53e7beda664469923671d1c1f3f6b2556f33b917899bb5d72dde573fd8df36a23f4f2dfa4d984b950502a042000010840a01902087c33d4dcfb20f0087c70814f0aba3ea088fc6597feb353e0654ef60f9d7ba19279dbb33ea4d8b84f78b680000420000108b49300021f8636028fc0b745e045c2cf3dff4b6ac1c2a76bc79b3269a2bae957973b055e3690fdbffdc3abd4ef6fbd4bf5f6f5d5d55916633afb03a7923a13e61a41a910800004200081a60920f04da3cbdc118147e0c344564aa922e2925223ab9ceebfdfde4d1d5bf69772e4b3cb4e3b36e4c43755283b410002108000042050380104be70a47181083c021f26b228150210800004200081ca1340e0c38400028fc087892c4a8500042000010840a0f20410f8302180c023f061228b522100010840000210a83c01043e4c0820f0087c98c8a25408400002108000042a4f00810f1302083c021f26b228150210800004200081ca1340e0c38400028fc087892c4a8500042000010840a0f20410f8302180c023f061228b522100010840000210a83c01043e4c0820f0087c98c8a25408400002108000042a4f00810f1302083c021f26b228150210800004200081ca1340e0c38400028fc087892c4a8500042000010840a0f20410f8302180c023f061228b522100010840000210a83c01043e4c0820f0087c98c8a25408400002108000042a4f00810f1302083c021f26b228150210800004200081ca1340e0c38400028fc087892c4a8500042000010840a0f20410f8302180c023f061228b522100010840000210a83c01043e4c0820f0087c98c8a25408400002108000042a4f00810f1302083c021f26b228150210800004200081ca1340e0c38400028fc087892c4a8500042000010840a0f20410f8302180c023f061228b522100010840000210a83c01043e4c0820f0087caec8eaddb0596ddcb4596dd9ba4d6dddba5545ff506a9bfc7f7c2000010840000210f026b0dd766ae890edd410f9e7d0216ad4c8616af8b0a1debb77cb86087c989e42e0117867646ddabc55ad59d7a7d66fd85473f521d145475f789c05b00104200001084000020d0464304cfeb76d60204c447eeca8116adce8912af2fa527c10f830dd88c023f0a991251795556b7ad5babe4df136a3460e5763a20b8b8c12f08100042000010840a018025b23815fd7bb31fadf26b569f39678547ec2d81e3576f488620e3088a520f061e023f008bc35b2faa25499a5abd645e9312aba808c54e3c78c5432eace0702108000042000817004366edaa256aeed531b366e5623a2949aa9db8fe9eadf5f043e4cac20f0087c4364ad59bf41ad5cd3a77a460c5393278ceeea0b4798d38652210001084000026109f44502bf6ce57ab55d3478b64324f1c3a2f49a6efc20f0617a0d8147e0eb224bcbbbe4df4d1cd71326ea281502108000042000012781cd5bb6aa252bd64593466c53d3268fed4a8947e09ddddcd406083c025f0b9cf551aefbb255ebe37419c9bde30301084000021080c0e01210797f69d99ae8a5d6edd4b44963bbeea938021f267e1078043e8e2cb9cb7f71e99a386d46f2edf84000021080000420d019046436b8972389ef892693983271746754cab31608bc27a89c9b21f0087c1c3232f22e2fae4e9f3a2e7efb9d0f04200001084000029d4360edfa8d6a453433dc0ed128fcc8e1dd335f3c021f26861078043e9eb2eaa5656be39c77c97de7030108400002108040671190b9e2e549f9902143d48e513e7cb77c10f8303d85c023f06af9eade68f47d939a31757c9828a35408400002108000045a26a0df55db71f2b868d5d6ee989506816fb9dbad0520f0151778b9a35fbc648d1a132d1631911757c39c65940a010840000210288080fc66bff0ca6a353efabd960927bae183c087e92504bee202bf215a30e295e56be337db4774514e5d98d38152210001084000029d4d40de5993975abb258d06810f134f087cc5055ee67d5f15adf8b6f30e13c24418a5420002108000042050188175bd1be3d4d75da675c7ef36025f58d7d71584c0575ce045de7ba3fc77c9a7e30301084000021080406713d04fce674c19a78676c1eaac087c987842e02b2ef07217bf259a039eb9dfc39c60940a0108400002102892c0966861a7c54b5677cd7492087c91bdff6a59087cc5055e72e9e4337942772d0c11e674a05408400002108040e71378eee555f1824ea3a2859d3afd83c087e92104bee202af4fac6e5bd92dcce940a910800004200081ce2720022f036fa37b1078e9ad48663bbfd30aae21028fc0c72185c0177c66511c042000010840201001047e00ecb6fe7f22f08102ad138b95b954fb7bbdff1ff17f46ffaeff2eff19ff7bfcb7e87ff1fff5ff2dfea7fe6ff9e7c0f75b07be5bb77c63d7dd1923f09d18a5d409021080000420d048008147e0198147e0e3b30081e72702021080000420d01d041078041e8147e011f8eeb85e534b084000021080404c008147e01178041e81e70701021080000420d045041078041e8147e011f82eba68535508400002108000028fc023f0083c02cf6f01042000010840a08b0820f0083c028fc023f05d74d1a6aa10800004200001041e8147e01178049edf0208400002108040171140e01178041e8147e0bbe8a24d5521000108400002083c028fc023f0083cbf05108000042000812e2280c023f0083c028fc077d1459baa420002108000041078041e8147e011787e0b200001084000025d44008147e01178041e81efa28b36558500042000010820f0083c028fc0b755e0d7afef55cf3fbf38d7d577e79d67a8d1a347e5da878dcb4960d9b2e56ad9b21571e3f6d967cfa61a5944194d1db8cd3b7df7bb57a8458b16ab830e7a9d3afdf439b98ffedc732fa8dede3e356a548fda65979d72efcf0e1080403802083c028fc023f06d15f8850bffa27ef4a39fe7baaa7df8c3ef6d5ad6721d888d3b9ec08d37dea2fef087bbe37a7eed6b9f6baabe4594d1d481dbb853f23cfbc4273e945bc2f50dc0aebbce50e79e7b561b6bcfa12000011701041e8147e011f84a0afcf9e77f296ef7d1471fa1def18e635dd74abeef100245c87711650c360e975ccb93ae6f7ce3876af5eab56a871d26ab7ffcc773eaaaecda5f36f6d966b039707c08549500028fc023f008fca009fc608eac23f0ddf9b357847c1751c660d3f3916b9dae664b35f2d9df679bc1e6c0f121505502083c028fc023f0083c23f05df31b58847c1751c660036b55ae7df6f7d966b039707c08549500028fc023f0087cd709bc7eb96ef2e4edd5e4c993e2facbdf9e7aea99f8a5bb9d76da51edbdf71e0d2fbe9a2fd0ea3c7c79c1efb0c30e8acbc87a594f5e7c7cf2c9bfaae5cb57c6dbeeb5d76ecebc7cc943968f7e0957ca78e49105711d274d9aa8def8c6439cbf3dba0c9f1709cd9733d35efc154e2fbcf052dc0e295358b95e06f57de933eba5c72258082c9b7c9b5ca54d071eb85f2d2e6c80f308bcd45b78e93e135e795ee834e346ea2671a3f76fe62551cdf137bff9bd7ae59565717accdffeeddb6bcd34fbd2567e9efd7d055eceab279f7c3ae6249fb4f3cf19ec6c000108781340e01178041e81ef3a81d76221f9eb471ffd2675c5153f8f67db303f23478e507ff337c7d649b2eb055a9c6d34a10000200049444154dbcb7a2227bffef5efd4c30fffa9e1c22ac7983dfb4875cc31475a2fba3a4d4752854498e7cefd5d6d3bdf17037ff4a39fa9850b9f5672ac8b2f3e3ff3e29eb5adc8dcf5d7dfdcc0490a1c3f7eac3af1c4b745b395ccb496ef2bbc59c257040b9bc05f7bed7fa9f9f31f6ca8b7f07def7b4fb68abc4f7b1e7ef87175c30dff1de790273f52f649271d9729f25971b3cf3e7ba8f7bdef5db5b8f58d05a987e6981608e68bbdb6fe6875ffe47185e5dd77dfaf366cd8d850a559b30e56279c309b19a4bc958c0d21e04f008147e0117804beab05fe4f7f5a581b89ece919a956ae5c5d275da79ffeae9a986a8995066be117799d38717ccc60faf469ea9453fea676051509fbfef77f1297af45576f6bde30a44dd367e6d9eb995374e1bed2f6c73fde5f137fb32dc9cbbc8cf47ef5abdf8fff2ce264b643da7df9e557d7244bb7b9af6f43ad6db2df09271c63bd19f1115ed9df47e0e5a6ab5916498137cb129ef279f9e5a5b576ca4dcfa73ffde1068977b5c7642e65ca287732b6a4ec33cf3cc5faf4221937b2edb46953eaea2712dfd7d717c7a16f2c68c6663bcdb2e5efe66c31b6fe90bfb5b2bf1977575f3db776636b6ba366f7b18f7d10894f9eb0fc37045a2480c00f00dcd6ffcf48665b24da7dbb23f0087c1cb553268e6e4bf49aa3e0cdbec4aac544a4413e499192d1d3abaffe75fc9dc8eae73ef7e986b6f9bcc46a1e27399a2f92f6b39ffd3a1e1d978f4daecdd14e9deae04a57b175c245177d2d965291be0f7ff87dd67ebaf5d63bd5ef7e776bfc9d3965a0d4f3cb5ffe4ebcbf4d3a45fc7ffce35fd444ded6272ee1d515f211782d7592f6d10c0bb32e5296dc3cbdeb5d27d409a2c9c226c759ed31e353faec431f7a77dd0d807c7fe595d7d6785e70c1271ae4d4145b5bfdf4f1a53fa45ff208bc0f6b9f6d7cd263b2b63119ea2761e65a0de6f7c91bcab65c683808044a4e00811fe860047edb00829247bcd1bc6dbac908fca009bcc8cdf6db4fc80c3a5baeb9168ba4ac9a059902619b03db25f0e64d40d6c8f797bef46ff188bfed46411f43befb877ff848d3a390669ac8bffccb79d672fef55f2fab3d8930a70c3439a4dd3099530edada51a4c0b7cac2ac4b96f866b53bab3de64d9b4dce25c6e489c677bef3e338dc924f5fcc272159375c3add49cae836819778f9977fb9346e7f969c9b3732fff44f1fcb7c2fa13abf3cb41402c51040e0117846e011f84113789fcb986d9e762d59b6f9ad7599a664d9c4d525f05ab0b28e21c732d32d92370aae63f8b43f298c73e69cd0f0f2ab298dc9ef7d46ef5ded2852e05b9d77dfac4bd68d95299949c94e6b8f193369e944bacfb49c26df4d3047ffb3a4d5ecb36e1378b38d693794c2c96ca38ba7efb9c0761080403f01041e8147e011f8ae157897f86881b6c9834baeb5f8ba84d39494a450ba8e91e787286d845dca481ba13785d426fee6f14de14df2ea548177adc49a76a397d61e5ff9166ee6131af3c6cde7e65273d77dea8a635b9cb49a02d3cafefae6d6a7defa0915693479ce76b685809b00028fc023f008fca0097cab39f02e81c81268975cbb66ebb05d5e93b2ef3a86fb12fdea165972a9252939d29cf77d83b4fa76a2c0a7bddb60324dab77debfdbfa298dad8f18ebf2f26c9bac83cfbe59dbb4b2bf99c2e61bc3ae73d5b71cb683000418815751d277ed9d5572e0c9818f094432af73e3e53fe37f8fff16fd2ffebffebfc5ffd4ff2dff1cf87eebc077eb966f5493278c56a37b8677fcb566e9caf508bc6521a74e13f8b411725324934f00ca2cf03e429857d47d6f54e48441e0eba76d755de87cfacb5506df430002af1260049e117846e0198147e03304de5ce8c9f5e3612e2c25db1639022fe5e9d40573f459e762db46a4cb2cf03ef3e29ba94566ba4d5eb167047e86757acae4225259e787cf4264aef38bef210001043e9e2e9211f838101078041e81b7087c11b9bb450bbc2def3a2b573fcf4b8459dbfa8e4c67e57417c5c2ac4bd60b9412d469f5496b4fd60bc9497148dbd69c79c595a3affbae99d1e9565260a42dadecafdbe87ac11bd9820004c21160049e1178041e8147e02d029f35b26d5e9225b5c59cffdafcae286935cbd43716926f2f4bd6ebf9eed3663cd1dbbb24316bda4d1f6936537c6cc72a8a855997ac1773b316b64a1378731fd7cbcbe67493e60ab9a6d867d5cfdcced53736056845c05b1578b3eeaee921b3ce8f706a43c910283f01041e8147e0117804de22f066fa49d614785a0645c2ce3aebbd75325f94b49a3f453a2d44463f77df7d57357ffe8399f388fb4cbb682ef664934953d8d2589823cfed12f8ac39e5cd79d693d37bface036f5bc555fac28c0d9be8eb9b2649f339fbecd3d52ebbec546713c99571bb4de0cd78c99aeb5e734a5bc44c5ecc96cfac596fb0de04cb13a7175e78299e6b7ef2e4490d46e6fabefc0a470bab4c008147e01178047ed0045e645046915d9f9d779e51f703ef33fa28656609b42e4324f09c73de1f0b4272b4d09440910891352d12b2ed1ffe7057f4bfbbe3ea879456938f394a2c62f4ca2bcb54d648afb9489308e5ecd947aa638e39b256a448d635d7dc102f46251fdba257a6b0c936e6ca9b22a337dffcbff18ab4c252ca09c9c25cc554ea3261c23865aeea2a7c6ebae90fd1348f7f8adb6313cc2c8137a7de94f69c76da89752bc68a74ce9b7767bc826ada0d8429f8ba0e33664c8bebb362c5aab86ed277f291fe6b46e06d0b5525e3d77725553d1b549efd93abdd9e74d27175372a72d3f75fff754bea8ab5e6fb09c9d993848b6b3565d7f7ae6b0adf43a0db0920f0033dc82c34cc42c32c34a3db723d4bca8dcf4193d34d1621f0a600e83a24454a84e6fbdfff492c59fa23122cffd3c22b7f1719fbd8c73ed8308a1862045e8ea773bbe5df7d5ee64c8ef8a631f74df9b0ed2ffbde77dfc36ad1a2c56d1178e9aba38e9a554b21b2d529ad5f5c39fde61387345669a3eb7a7b89af5ffdeabf62814d7ef4bed75f7f732a2fd77921372afff66f3f6a28dfccbbcf3a4f5add5fea673e75d1f5d53795e6f9627b0a614e4569cba537fb48ca4abeefe0fadec58fef21d0ed041078049e117846e0e3b360cac46a09bcb4d91c25d41773db8b87220b77df7d7f832c8988bdfef533d50927ccb6a60084127853306da397b61f26b919f9f5af7f571b9936b711194e8ea0daca1029bde186ffaebb799151e8134f7c9b3ae8a099992f4616c5c24c593af7dcb3ac7d287597272669fde21278d95f6e7ab460275908f377bdeb84d4771ff4f6c2fc9147fea41e7beccfaaafaf2ffef3cc99fbd652467c6f44d34443eaf81ffff1cbbafe306f765de5b7babfd4cb1613babef2f4e35def3ade9afee27a57c0bce9b4c5b8ebfb6e9733ea0f011701041e8147e011f8b60abceba23418df8b0cf4f6f6a964aa4eb22e7abb570565cfc1a86eea2aa03e9511a97cfef957e7f04e4e7d99a78c66f6f529bf996de4c98efeb8fa314ff93252bd6cd98a2065bb04dbb79eba8ecdf647abfb4b3d9be124fbc8c796df2e7f9758956d92ef10682eaeef7df9b11d04ba9100028fc023f0087ce505bedb2edebe33e4745bbbca545f11cf3431d5edd42fbb66bd085a2626b4050210288e00028fc023f0083c025fdc35357849e64b9659b3e304af0807b012305f6ece4a6ff299d907c410800004d20820f0083c028fc023f01dfe1b21a3b9325da47c742ebee4df5f70c1279c79d81ddeb45256cf7cc958bf6cbbf3ced3e3b64a3acebdf73e5c7b17216b2acc52c2a15110804021041078041e8147e011f8422ea7e10a31a7dc93a3b866400957134af62120a3f0575cf1f3788699ac8fc8fb073e706a6a8eb7cfb1d8060210a82601041e8147e0117804bec3afff326bcad34f3f1bd772fbed27aae38f3fda995fdde14daa44f5244d4666a079f6d9e7eb663092517973369a4ac0a091108040a1041078041e8147e011f8422fab1406010840000210084b008147e01178041e810f7b9da57408400002108040a1041078041e8147e011f8422fab1406010840000210084b008147e01178041e810f7b9da57408400002108040a1041078041e8147e011f8422fab1406010840000210084b008147e01178041e810f7b9da57408400002108040a1041078041e8147e011f8422fab1406010840000210084b008147e01178041e810f7b9da57408400002108040a1041078041e8147e011f8422fab1406010840000210084b008147e01178041e810f7b9da57408400002108040a1041078041e81afb8c02f5bb55e6ddbb64d4d9938a6d08b0b85410002108000042010868008bcfc6e8f1a392ccc010a2c75e9caf5716943c66ca744b9866c27ff8cfe2ffa8ffe7f33fe197f37f0dff22fdba27f1ff89b9421ffdeff37041e81afb8c0af5cd3a7366cdcaca64d1e5be0e94a5110800004200001088420b065cb56b578e99af8777bc4b0a1210e516899087ca1386b8521f01517f835eb37a835eb36a81953c78789304a8500042000010840a030021b366d51af2c5f1bff6e0f1da287a20b2bbef08210f8c291c60522f01517f8de0d9b949c5c3bef30e1d5475261628d5221000108400002106891c0bade8d6af9ea5eb5cbb4092d96d49edd11f8309c11f88a0bfcd6addbd40b4b56abc91346abd13dc3c34419a54200021080000420500881252bd7c579e2ddf2ee1a025f48b7371482c0575ce025225e59b12e7e0c2712cf070210800004200081ce24b0359a74e2855756ab49e347a931a34674662513b542e0c37413028fc0abb5d1e3b815d1e3b86ec9a70b732a502a042000010840a0b309c87b6b32f9c44e3b8c8f6773e9860f021fa6971078043e9e46f2c5e88df69e91c3e3bb7a3e1080000420000108741601497995dfeab1a347a809637b3aab7219b541e0c37415028fc0c791b5be6f939239e1778ca6a51ade05d35285391d2815021080000420d0990456ace955eb7b37c54fcbbb64f03d0689c0878927041e81af45d69228177e63343d9548fcd0a143c2441ca54200021080000420908bc0daf551aa6b24f0dd38e104029fababbd3746e011f85ab0449934eae5e56ba2941aa5769814497c17cc2feb1de96c08010840000210e84202fa09b9a4cd8c1f33b2eb5a80c087e932041e81af8bac2d518eddcbd1021162f122f1c318890f73e6512a042000010840c041408fbc4bdefbf6e3baf31d35043e4c9823f0087c4364c934554ba3749a4d9bb7aa49d1d492a3460e0b137d940a01084000021080400301995c62d5da68a5f468d69989e37ad4b8d1dd37f2ae1b85c0870970041e814f8d2cc9b793bb7f79a9551edd21f2614e424a850004200001080801790abe369276117799265206d17a4674f7201a021f26b61178043e33b2366fd91acf39dbbb6153bc9d5c484646ff13a91f3e6c08293661ce4b4a8500042000819213885e378b9e746f519ba2c9233646ffecdbb059c96faecc3033614c34eade85f9eeb62e43e0c30432028fc07b45965c54e4459af57d1be3d41a3e10800004200001081443405444d66219dd333c7ada3dbcaba689741140e05d849afb1e8147e09b8a1c79ccb775eb5615fd237ee1950f042000010840000239084443ed32db9ba4ca0c29f1ac6f087c8e98c8b129028fc0e708173685000420000108400002fe0410787f5679b644e011f83cf1c2b6108000042000010840c09b0002ef8d2ad786083c029f2b60d818021080000420000108f81240e07d49e5db0e8147e0f3450c5b430002108000042000014f0208bc27a89c9b21f0087cce906173084000021080000420e0470081f7e394772b041e81cf1b336c0f010840000210800004bc0820f05e98726f84c023f0b983861d200001084000021080800f0104de8752fe6d1078043e7fd4b007042000010840000210f02080c07b406a6213041e816f226cd805021080000420000108b80920f06e46cd6c81c023f0cdc40dfb40000210800004200001270104de89a8a90d107804bea9c06127084000021080000420e02280c0bb0835f73d028fc0371739ec050108400002108000041c0410f8302182c023f061228b52210001084000026d22f0dc8bcbd453cfbea496af5aabc68eee89ffb7cfeed3d5d449e3db54030e934600810f131b083c021f26b228150210800004201098c0bade0dea865bee53cb56aeb51ee9757bedac8e79e3ccc0b5a0f82c02087c98f840e011f8309145a910800004200081800444dee7de3c5fad5edb1b1f65d4c8116aeae4f16ae3a6cd6ae9f2356af3962df1df779d31459d38fb10674d6414ffcefb9f50db4f18ab8e3bea20e7f66ce0470081f7e394772b041e81cf1b336c0f010840000210187402d746f2fed29295713d5ebfdf6eeac843f6add549e4fea6db1eaa7dff96c3f65307ecbb6b669d6ffde3e3ea4f4f3ddf5096ecb464f96a75dbbd0bd4a6e8e6403e471ef25ab5cbf4c9d6f2ee7bf42f6ac15f5ea8dd580c1b3a54cd98b6bd7ae3ebf776a6f43cf9cc8bea913f2faad55b0eb0e3d489eac0a8ee7bef367dd09937530104be196aee7d107804de1d256c01010840000210e82002325afe9b2875463e7bbd6647eb88b948fc2f7e7b97eaddb0311e9d3febd463325b70e575b7c5d2fdb7c71e5a27e78f46427dd7030b6b23fa52c8dbdf7ca055a86f9877bf5ab478a9f53822f2ef38fae04cf19ffff053a9759c75d05eead003f6eca05ef0ab0a02efc729ef56083c029f3766d81e02108000042030a8044c51fee02947ab31a3465aeb23a3e15a8ab346e145f67f72ed1f9448f647defbd6b82cf9dbbcbb1fab09b9a4e26839b709bc1ec1977dcd2702327a2f4f03e4e6406e24defdce3735d45746de7f7fc723f171e538b38fd83fde265987e4cdc5a07682e7c111784f50393743e011f89c21c3e610800004200081c12570c52f6f8d47d625bde494e366a556468bb96c9036522fdfc928bba4c898e569a916a93f64ffdde3d1efef5d75737caca4c0cb71aebaeef678943e99cea36f06f4d300db8bb5fff9db3be31771d3daa3d385264f1cabdef3ce2307177ecea323f03981796e8ec023f09ea1c26610800004200081c127604ab9cf2c335a8eb3e4578fe89b692a22f07f7ce84975f4ac99b5b4973481d723fd59a93a77deff67f5d082671ad2796484fe9a1bef8ec19ef68e23ac79f266ca50da3683df33f61a20f0617a068147e0c34416a542000210800004021030d34dd272d1cdc3ead1eb2cb9d623faa61c8b5827e7914f13787d8cac51fe3451d7623f7eec2875e6c96f4925a6ebd86db9f0087c8093202a128147e0c34416a5420002108000040210c82bf0666efac7cf38aea1465aac7d5e744d13782dd7aed96e6cdbe9d1ff2cf9974afb6e1700794b4522f02de14bdd198147e0c34416a5420002108000040210285ae075fa8b4ba0a52969029ff6f764f3753a8f99fa63fb9b0d9bbe11e9b63c78043ec049c008bc10e807bb6d5bffbf6f8bff25fa67fcb7e8ff8fff26ff2dffd7ffb7f89ffabfe59f03df6f1df86eddf28d6af284d16a74cff030bd46a9108000042000818a12285ae075fa8b6bf41c816f2ee010f8e6b8b9f662041e8177c508df430002108000043a8640d102ffc39fff4f3c7b4cd67494baf18cc0e70f03043e3f339f3d107804de274ed806021080000420d01104cc19597c46cd758a8aed25515d966f5a0a029f3f0410f8fccc7cf640e011789f38611b08400002108040c710d022ed338d64d69cf13aafdca71c697c9ac0eb517cd7ac38b69758750a8fab0ebcc41acfbc12e738cb3fe24f7fd673ffdf2bf641e011f88a853ccd8500042000816e2770e575b7c52b9bbaa65e34a76eb42db0a447e75de2ad79a509bccf8ba8e6fcf5e68aaabe2fa7ea36dbdad1c9fdc9087c98de41e011f8309145a9108000042000814004f4dce9527c967cdf7cfbc3eaa9675f8a6b615b0049845c565afdc87bdfea55d33481f799cb5dcf76933c9e99129496876fde8898f2ef55e941de08810fd301083c021f26b228150210800004201088808c665f75ddedf1cba7320a3fe7b8596acca891754733c5d896e3fee89f17a9dbee5da0769c3a519d12edeff349137853b0d36e2874faccae33a6a813671f527738fd5d5a1a8d4e9ff199abdea71deddc06810f431b8147e0c34416a542000210800004021230176812897fe3ebf7567bef365d89dc2f78ea7975ff637f8d055f3eb6516b3d3a9f2725256bbe772dd932c23efb8899715de423f59977f7636ad1e2a5f168ff9ce30e6f58e1558fcecbf6c9fa984f1b7c5eda0d88bca9a211f8a6b0397742e011786790b001042000010840a013096869ceaadbac83f652871eb067c3263aa7dc965a93565e96c08ba8cfbd797e9c9b2f1fb9a9183e6ca85ab5a6b77623915617d9de6c8b8cb48f1e3542adefdda87a376c8ccbb38ddc77629f24eb84c087e925041e810f1359940a01084000021068030119bd7ee4894535d1d58794b499230f79adda65fae4865ae89497bc2929ae155745e2efb8ef895adebd3eb0f984200b898cb63fb6f0b99af0cbb652c77df79811b565df36d02cfe10087cf14ca544041e810f1359940a010840000210682301c979ef1b18ad9e316d52434ebc59159db21272545b169c92cfc4f1631a52665c58745b7a2279b7dd80b8f6efa4ef11f830bd81c023f061228b52210001084000021d4a40a7ab64a5b47468d5bbae5a087c982e43e011f8309145a9108000042000810e252002bf6e7d9f3af1d8433347ea3bb4fa5d552d043e4c7721f0087c98c8a25408400002108000042a4f00810f1302083c021f26b228150210800004200081ca1340e0c38400028fc087892c4a8500042000010840a0f20410f8302180c023f061228b522100010840000210a83c01043e4c0820f0087c98c8a25408400002108000042a4f00810f1302083c021f26b228150210800004200081ca1340e0c38400028fc087892c4a8500042000010840a0f20410f8302180c023f061228b522100010840000210a83c01043e4c0820f0087c98c8a25408400002108000042a4f00810f1302083c021f26b228150210800004200081ca1340e0c38400028fc087892c4a8500042000010840a0f20410f8302180c023f061228b522100010840000210a83c01043e4c0820f0087c98c8a25408400002108000042a4f00810f1302083c021f26b228150210800004200081ca1340e0c38400028fc087892c4a8500042000010840a0f20410f8302180c023f061228b522100010840000210a83c01043e4c0820f0087c98c8a25408400002108000042a4f00810f1302083c021f26b228150210800004200081ca1340e0c38400028fc087892c4a8500042000010840a0f20410f8302180c023f061228b522100010840000210a83c01043e4c0820f0087c98c8a25408400002108000042a4f00810f1302083c021f26b228150210800004200081ca1340e0c38400028fc087892c4a8500042000010840a0f20410f8302180c023f061228b522100010840000210a83c01043e4c0820f0087c98c8a25408400002108000042a4f00810f1302083c021f26b228150210800004200081ca1340e0c38400028fc087892c4a8500042000010840a0f20410f8302180c023f061228b522100010840000210a83c01043e4c0820f0087c98c8a25408400002108000042a4f00810f1302083c021f26b228150210800004200081ca1340e0c38400028fc087892c4a8500042000010840a0f20410f8302180c023f061228b522100010840000210a83c01043e4c0820f0087c98c8a25408400002108000042a4f00810f1302083c021f26b228150210800004200081ca1340e0c38400028fc087892c4a8500042000010840a0f20410f8302180c023f061228b522100010840000210a83c01043e4c0820f0087c98c8a25408400002108000042a4f00810f1302083c021f26b228150210800004200081ca1340e0c38400028fc087892c4a8500042000010840a0f20410f8302180c023f061228b522100010840000210a83c01043e4c0820f0087c98c8a25408400002108000042a4f00810f1302083c021f26b228150210800004200081ca1340e0c38400028fc087892c4a8500042000010840a0f20410f8302180c023f061228b522100010840000210a83c01043e4c0820f0087c98c8a25408400002108000042a4f00810f1302083c021f26b228150210800004200081ca1340e0c38400028fc087892c4a8500042000010840a0f20410f8302180c023f061228b522100010840000210a83c01043e4c0820f0087c98c8a25408400002108000042a4f00810f1302083c021f26b228150210800004200081ca1340e0c38400028fc087892c4a8500042000010840a0f20410f8302180c023f07164dd39ffc15c1176e4ac83736dcfc6ad11d0fdb3ff7e7bab09e3c7b656187b43000210800004da4400810f031a8147e0e3c83a74f669b922ecbe79d7e4da9e8d5b23a0fb07eead71646f0840000210682f01043e0c6f041e8147e0c39c5beacc8f7e562d58f8745cfae9a7be53fdfd39eff73ed2aad56bd52fafbf597df8cc53eafa470bfc8faebc56bdfd9837a95d779eee5d261b42000210800004da4d00810f431c8147e01b047ebf7df6506f38e8759911974746c3846ee797da8ac05ffcf51fa8eb7f372f16f42f5e70aefac78bbeae962e5fa9e6fef45beac22f7d2bbe31987dd42cf5b52f9cd7f920a8210420000108549600021fa6eb117804be41e0f38e168709cdee2fb51581ffe6653f55736ff81fd5dbd7178318d5d313ffbbf9cf3927be35d7a87ef713a5051080000420d06d0410f8303d86c023f02d09bcbc5cf9831fffa2169d977cee530d691d22a30f3cfca7789b7df6dc4d5df4998fd645b34e17f9df3bef55cf2c5a1c8baa3c05906d3ff0de9332d344e4f8d7df384f3df5d7456ad1f32faa299326aa0367eeab4e7ac76c657bd1f6b1054faaaf7eebffd5d545ea77fbddf7c7fb9b372f22e0fa73e50fbe127fffdd7fff997ae4f13fc7a3e152c7138f3f5a9d76f2f175ed91d1f3857f79a6d616f952ea3575caa4783b29cbe7235caeb87a6e9dc8cb7e52c7b34e9fc3cbac3e10d9060210800004069500021f063f028fc0b724f0b2f39cf77f2a965bf91c76f0feeab24bffb916ad22d89fbae0cbb5fffec9f72e5132938afe8850ebf490b4103fff93673548b26cabd34cd2f6b3a59898f5d1370992aaa23fa6c09b2ff64aeacae967ff536d44dc3ca6a4b9fcf8bb97d484da1c79b7d5cdf745547d73a4f3e87559723370d61973ac4cc25c262815021080000420d01c0104be396eaebd107804be65811709ffe0c72facc5dab7be7c416df4db94fb934e985d37fa2e23ccef7ccfc7eaa458a45a3e7a245e17faa50b3fa98e3ff6cdb563c8a8f9d5bffc6dedbf45a28f3ae210b5f0a967d4bd0f3e56fb7bf298a6c08b08cb48baf94910a0f74100002000494441541378295f6e52e49f63468f524b962eafdbd7bc71296204fe9cf3be586b873059b7be373ebefcbb167aa98bdc58f081000420000108742a01043e4ccf20f0087c83c0bb5e623de5c4b759d364b4506bb1bce6ba9bd4d7be7d455cbec8f22faef8465ddac7f99fbf54cdbb7d7efcbde4765f76e945b5d17991fbcf7ee11b358935655544566e0cf42739429fbca13047fd934f04e4b85ff9fcdf5bd36d92536b268f63d65fea62deb8c87fb792032fecbe73f9cfe214229989c69c465266a0f98f9f5fafc8810f7351a4540840000210288e00025f1c4bb324041e816f107857a8254555b617e17ef759ff501b9516d9bde2aab9b5ff4eee23db1f7bf259a912aecb9411fadd769d11cf8aa367be315367d2666231b73147e193026f6b8bae9429f069c739feefceaeb53139dadf8ac04b1df488bffc7b721e78e1c7824eae48e57b0840000210186c02087c981e40e011f842045e0a49cab10e59572eba6c77cb7557780b69528c0f7fc3010d67c73d0f3c5a4bb191270afac5d1641db3f2d14d814f137df346c13c8e54a85581371ba5eb928753984b06a542000210800004fc0920f0feacf26c89c023f00d02dfca3492c9b4124951f9ed7f7ebf41cecdf41ad9e6f61b7fea1db7e6a8b7cf4e45087c9a389bb9f8922674d3af2eaf55a94881f76927db400002108000043a8d00021fa647107804be5081375fbe9482d304de14dfbc2f632673d35da74611029f36526fb623792382c0bb7a86ef2100010840a0ec0410f8303d8cc023f08509fc4db7dca13e77c9b7e3f2cc195e92b9e1f27d9e549664e89b629c95c36e3b65f21cd72785c614f8902934614e7f4a85000420000108842580c087e18bc023f085087c724a4811eb8bbf7e59ea4bacc99964d2445c46f4f7d96b372579ee327fbcbcb869a6e9d86e0eb24e956605fea31f7a773c1b4cf2634e9399ccf567043ecc458b522100010840a07b0820f061fa0a8147e00b117853aaf548b46b1a49537093a3d75229992e51aff26aa6a79823fdf2f7ab2fff6ac3b496f272e99df31f8857659dfd9659b539e49b15785b2a90d93ea96f729a49043ecc458b522100010840a07b0820f061fa0a8147e01b045ed25fa64e999419717a5617d92829c5b2b890e4b5cb276b21a7e47e22f1271e7fb41a3f6eac9a77dbfcda1cf1524ef2c55a538e45ae65be74bd08d4f537ceabdbd71cdd6f56e0a50e721c997b5d3e2fbeb4a4ee18c91758651bf37d00735f3d1d6698539a52210001084000029d4300810fd317083c02df20f03ea1a65fea4cceff9e146dd7bcebc9516cdbb16da3f372dc0f9d7b613c577ad6276b2556d9cf771a4929e7fadfcdb31e2ab90895de286d5a4d7361291fd66c03010840000210e85602087c989e43e011f89604de4c9db18d424be1e65ce9b6155945742ffdde4f1a645cb63deed837d716704a9e0222f1dffee155eaf7b7dea57afbfaeabe962700677fe0d45aea4c9a54fb0abc8ce2bff0e2cbf1eaa8e6b1e4e6e29f3ef5ffd556904dd651afa86aeef3ffb7772fc09e14f5a1c787e5b10f6077dd051658f0014a12acc08d86a021263caec1854283e46a29a5068b9848c92dcb585a566915555a6549194382652ad40693b290223eb8680851a3929b32488c37174c4c2ef888ca43905d9605f609bbf7dfb33bfff4f9effc67e67fce7fce39bdfdf95b78ce9eff4ccfafbfd3d3fd9d9eee9ed1a136fd5cda5245000104104060e10910f87ece018127f0fd94ac59a41a7ad37ff2e04fcb3dc364d53069b5ebe75ffffdfef26db0e173f2fae30f1813df359d78bb71abd0841b8e498f53c5574dc49d4d3cf641000104104020350204be9f3346e0097c3f25eb2048b5cb32920741366501010410400081de0810f87ed0127802df4fc93a085225f007c14994050410400081052540e0fbc14fe0097c3f25eb204895c01f04275116104000010416940081ef073f8127f0fd94ac832055027f109c4459400001041058500204be1ffc049ec0f753b20e8254abc9aa212b269f1e042754161040000104e69d0081ef07398127f0fd942ca92280000208208040f604087c3f4580c013f87e4a965411400001041040207b0204be9f2240e0097c3f254baa08208000020820903d0102df4f1120f004be9f92255504104000010410c89e0081efa708107802df4fc9922a02082080000208644f80c0f75304083c81efa764491501041040000104b22740e0fb2902049ec0f753b2a48a00020820800002d91320f0fd1401024fe0fb2959524500010410400081ec0910f87e8a008127f0fd942ca92280000208208040f604087c3f4580c013f87e4a965411400001041040207b0204be9f2240e0097c3f254baa08208000020820903d0102df4f1120f004be9f92255504104000010410c89e0081efa708107802df4fc9922a02082080000208644f80c0f75304083c81efa764491501041040000104b22740e0fb2902049ec04f54b2b6ef7ca6d8b5fb99e2d93d7b8b3d7bf614831f45b137fc9f0f02082080000208742670c821c5a14b0e2996849f872e29962f3dac38fcb0433bef9eca8604be9f3345e0097c6bc9dafdcc9ee2c9a77714db76ee1ebafa9241a553553cad09d800010410400001040e20103ac3c27f7bf7778405913f6af911c5d12b961603af3f283e04be9fd348e009fcd892152a95279edc5e3cbd6377b9cdf2a58717470e2a96d04be08300020820800002d321b06720f04f6fdf35f86f77b1fb9967cb5ef955472d2b8e5a71c4740eb080a910f87ee01378025f5bb2760c86ca3cf6c4d383e131c5a002595aac3c7269117add7d10400001041040a03f02bb763f5b6c796a47b173d733c511832135c73ee7c8a4db5f02df4f5921f004fe8092f5e4b69dc596277714cb8e38ac58bb6a45d215473f978d54114000010410e897c08e81c06fdab2ad3864d07976dc40e20f1b0caf49f143e0fb396b049ec0cf285995bc87f177ab8f5ed64fa9932a02082080000208b41278e6d93dc5cf1e7f7ab068c4de62dddaa392947802df7a9a67b5018127f0c382b36d30d67dd313dbcae13261ec9d0f020820800002082c2c8120ef3fddf4e46052eb21c5ba354725f7549cc0f7537e083c812f4b56b8cb7ff8b127cb613361bc9d0f020820800002082c0e026135b8470612bf6cb098c431ab572c8ea03a4641e03b829a7033024fe0cb22137adec3c4d5138e3dba9cfdee83000208208000028b87c053db76158f0f56863b6ed00bbff4f074d68b27f0fd9421024fe0cb25ab7ebae9a972cc7b18fbee83000208208000028b8b40582b3e3c295fb2644971fc603c7c2a1f02dfcf9922f004bed8bc75fba0f77d7771e2b12bfb29655245000104104000813913a8e6aa1dbff6e8c15b5bd3589586c0cff9b4d72640e03317f87047ffd0cf9e2c8e1cbc2c62b589abfd5c6552450001041040600a04429bfde0a35b8b9583f63a2c3891c287c0f77396087ce602bf73f0c28847373f55ce6c3f22a13175fd5c0e524500010410406071130873d6c2a4d65486d110f87eca1381cf5ce0c3baef4f0cdef876d271abfa2961524500010410400081a911787afbae72e8ebc9ebd268b709fcd44efd8c84087ce6021fe47dfb60fc7b184fe783000208208000028b9b40f5e4fcc4638e2e0e4de0edac04be9ff244e03317f87017ffec600d786bbff77381491501041040008169127876f062a7877eb63599e52409fc34cffe7fa545e03317f830962e7cd6ae4aebc510fd5c0e5245000104104060f113f8c9234f942f745a3e78b1d362ff10f87ece1081cf5ce0ab0b2bb537bbf573394815010410400081c54f20087ce8785bb18cc087b33590d9c57fd2a61c218127f0659122f053beb224870002082080404f0408fc7eb07bf7fd24f03d15b4c5986c584b75df59dff7a3fce7e0f7eaefe19fe5efe5df06ff95ffdbf7b7f267f5eff073fff77bf67ff7f4e65dc9dd1913f8c5584ac5840002082080c08104083c81d7034fe0cbab80c06b221040000104104883008127f0049ec013f834ea6b51228000020820501220f0049ec0137802af41400001041040202102049ec01378024fe013aab4858a0002082080008127f0049ec013786d01020820800002091120f0049ec01378029f50a52d54041040000104083c8127f0049ec06b0b1040000104104888008127f0049ec013f8842a6da122800002082040e0093c8127f0045e5b800002082080404204083c8127f0049ec02754690b15010410400001024fe0093c8127f0da02041040000104122240e0093c8127f0043ea14a5ba89311f8c94f1e2cb66fdf51ee74d24927162b562c9f2c015b23d00381fbeefbfe30d5d34e3bb5872348f2602740e0093c8127f0f326f055a3b57cf9b2e2e493d737d6af9b366d2e366d7abcdc66eddae70cfe5bd379fb4945ed9e7bfeadf8ec676f2fd37fdbdb2e6f8ded606b182ac9ed725ea691f78f7ffcc6e2c73f7ea838f3ccd38bcb2f7fed34923c208d90a7bffccbcf145bb73e35fceeb8e3d616ef7ef7db7b399e4411e842e09bdffc7671fbed5f2d76eedc35dcfcecb37fa9b8ecb28bbbec6e1b048604083c8127f0047ede04fea31ffdd3e2d14737155d446ae3c64f17f7ddf78332b6e73ef7c4e21def786b63d55da5bd72e551c5fbdfffce89aaf94a28c34ea79d764a71e5956f9c68ffd437aef2df85f35cf31a6ee2366ebc7998ccd5575f31f51ba670f377dd751b67485238e0860de715e79d77ce5cb3607f046645207414dc74d3ad07ecdbc73530ab00ed941401024fe0093c819f3781ffdce76e2feebefb5fcae35d73cd1f340e67f8c007ae9d2160d75efbfeb195ebb66ddb07e9fd61f9fd6c7a75bffef56f1477dcf1f572ffcb2fbf7490c68b87c78a85f3ca2bdf3010fc83ef71f77c0a7c38571ffbd89f953de35d6ee466d3a2c6e5ecb5afdd50bcec652f2d9309c73684663644ed330d025527c3d2a5470c9ff42993d3209b671a049ec01378023f6f021fcb702c56a3d56f18fe70fdf59f9cf1e726798e7bb69ad26daae6c33183dc8d0ed521f0d36f1c83b43cf0c043bddd0c5537247ddd204c9f88147320f09ef77ca8cca62133399cedfef348e0093c8127f0f326f0e1405523d6d4535ef58807015bb66c69395efadc735f5e5c74d105b5b5e2243dfb9356ab047e52620bbffd7c3e5158f8dc8a20150255ddd75497a59217712e3c01024fe0093c819f5781afc6b6378d55afb609921f043e0cbb69ea4d1d37b6be9a345b4d6a0d63a3efbdf7dfcb5549d6ac593d636845e8110e9f78db3089f6c1077f3a1c5e13c650af5f7f7cb95dd3c4dad09bffbdeffd67799c3031f4852f7cfe54c779877c85f4c327e423c4d43629b8a9b9a913de9087ef7ce73f86c738e38cd31b879f54938ee389b0e1c948e0173ea1d7b17abad175d26ce8a9bffffe1f0cd308f97cd18b4ea98d235e6de60b5ff8f270aec5ab5ffd9bc3ac4f3ab9b9da31e4edfefb7f586cdebca5fc53531ce1fbaef9abca675d591a2dbb81c5dd77ff9fe18a3a31cf2ace9877380f679cf10b63277fd79dafd172550d3d8a3954d74fc5211e6ed654c646af89c0b069385af59426a4596d1797c9704d85bfc7e7bd6d785b9c669789f1e3f2133885725dd5234dd75fbcda4c35f723d46b679d75e630f9b6b8c38693c6de854bd826e42394eb505edace495f657b5cbddc549e7c37a8671e79a258bb6a45b162d9e18b1ec7635bb695312e39f2902228d79243c2cfc1ff06ffd8f75bf4b3fc6effbfc32f7b07bfefff5b4823fcbeef6ffbb33df87df8f7454f62ba011278025f96a86356af986ec91a935a3cdefcbdefbdaa5630aa9eaa20cca161f9fce7ef2853ab1b371f8f7f1fedd9aad209c36f422355a513d28a276cd6f5b2ffcddf7cb5b8f3cebbc632a9eb450b0de26db77da97c6230fa09372caf7bdd25b31e3612f279e79dff58dc75d7b70f989c59e5e735afb97056221f0bfc5bdffa86e2c61b6faecd4390c60d1bceaf15e88a57e01ad2f8c427fea294e8ea130f81ead2431ed21b97d7ba38e289c8e34edaa4731802f35b6fbda3b8e79eef1e906418c77cfef9e7d44e8aed92bf9060538fec68d91d5db924ec5f0d170be5ee965bbe30837715f0b82165a3e7abee9c879be6abaefa9df27c8fbb1ee26deab8875557feeeeffe61c66a40d576e19ab8e49257ce9873527d175f9361fecb4d377d7ec679a8aebfb83e699b0c3ac9b675790937485ffce2576af312ca7dddf5579dc7a6cab5697e4fbc5f352fa8cb44fba66ddbeaa971e724c4d247d91e572fcf4b8394f04108fcfe9347e0f7ee479070699e30f4bd5596097c496ebe043e1edf5e271771c31d1ae4200f1ff9c827ca1847279886bfc5e3df47052d16a451196f13f8201efffccff7143b76ec1c8a5135a4271cf7977ff9cc610f7ef877c8d70d37dc3494eb6adb78ff58ba262cae45f594a1da2fc41f3e71fa412adff9ce2b5b97dc1c3d76dc2887efc20d48486bddba63ca4de31b92714f4262211cdd27fc7b12818f652d8ee391471e9bc1b792cb907e1846f5f0c38f94f156dbc5fb86bf4f728313e43dbe0989cffd962d5b8712577723374dc90937b1618275ddf9a8264356cb658e2b7375d74d7cbe962d5b56aef854ed1fe72fdc2c85a73ca3318c9e8bbae539e3a16d817fcc302e5375f1c5f540603c7afd56dc43ef6d553fb48d2dffd087ae9bf5e4e9501fc4a259c72a9c8f37bde9b21937e9a12c549f2acfe1c665f5ea95c3bfb7adb0556d185f174d8b00c4b18eb21dada7aa5846eba9712b364db36cd79dd7f958096bd2ba77b16e4fe0f79f19024fe04b02e1c9cc7e14e19fe5efe5dfc2139bf0bf7d7f2b7f56ff0e3ff77fbf67ff774f6fde95dca3adf912f870c9550d69dd38f84a2c4263f8c10fbea7bc42abedeb1ae84a12e2edab0a37eefd0a0d6e184e51f7b8ba699c7b9731f041f63efce1eb4bb9ac3b4edc433a1bc98e7b3f43efdb1bdf78e98c5ef010e3a73ef5b9f2f8b3598567b4f77ab4f11eed89ae93d6d11edab0cdb9e7fe6a6d6f7d9304c4e9d4a5117f3f4ed8ba4a4653c31c1f67f44633f0f8f4a76f1d2e733afa24a9ebf1bbf4c087f2f2f33fffc219ebe5c71216042cace8331a635c26ea6ebae2eb2c70187dff41258be1f8e1b36ad5d1c3def8f0efd132d1b47a5338feeb5fffea194f8782787ff293b79437c775c3e946971b0de5fed24b5f557b735a0db9abab03aa731c771c4cba9c681c4bc8cb1557bc7e461c31eb10c3fbde77756db99feb18f8ae7918c723aea7ea6e36e27312b8d53db19a66d9ae6eeac6d5cb8b559c174b5c049ec01b42a307bebc0ae653e02b39a86bb8ab9ee658442b49af13916afbbac7ca5583198ef3ae77fdded831dc7315f8f826625c0f78dc5338a96487f8bef5ad7bca31b7e3d6a86fba91696b7062816f9a60576d572729b1f0b609d2380988874335f5a6c63d9175c3b0ba4a461397b6342a893ff5d4e70dc6f7bf6446d96adb77f406b38e795576c7f548c6bdace358c53de0a3c334e2f3356e685175e31ce29d74f85a28efa1d7fc873ffcf10cf18f99c74fcf4687bfc4d764db9091389dbadefc70ccb94c746f2af7753708e3aeefb90a7c3856dbbb349aaea12ee73c5ee6b5ae7e9e66d96eab97dbeaaddcbf27f0049ec013f87917f8583ee2863b6e7ce21ec5b8818e852ddebe4e1abb36987315f86abc69db23fcb857b37aba30ad46286e9cbb8ea9ad8e1d0b7cd3a3f9a6e53a2739fe380988c72837c511df0cd59df7ae92d145e067b31465d7e377e9811f7743d5e5c9507cbe9a047e5c79e9928f4a2867b3b2ca5cafbbf8fc55d7e038796e7aead7540ebaf67a8734daaeefaef551533c6d7388e2ba75f4e6b6eb18fa71f57388ab4b9908dbcda56c4fab4e3cd8d321f0049ec013f87917f871e2dd45d463b16f6aacda1a91b8729f8b48c40d7cdb24c938deb617594dd2f884f8bffce5bf1f8e559fadc077197f3a6e2deb69087cf5e8bf4b1c4dc3aaba4a4613e3d1614b175ef81b9d2708773dfe5c24a78bc08f4e048df3dbe57c75c947b5cda4021fae9b7ffaa7ff3b7cb1dbe8b5d3257f717e9a7ad8bbf4d08f2b0b6dc21cefd7f4446192faa8a95cb63da51ad743df36f7283e6653c7489732d196d769dcc84c523f1eacdb1278024fe009fcbc0b7c3860ddd097aa11ee3ab4a669284e5b23322d811f1dabdbb5b16893fdba74aae5d6befffd1f0d26afeea85d2926ec375b81ef32b4675c03de4508ab3c8d4b63742c7e179675b2df5532da446974259d3074e879cf3ba908c3669a9668ec7afc1c043ec8e0bdf77eb70865f6f1c7b70c27188fb29fabc037096a5b3dd1f546aeedba6abbe99896b88e5b8a377e32553727a25ac6b24bdd332ed6f928db5dae7bdb5846d23292e5929a871c32989869151a9358e7b54eac1bb35d497ddd50944a1063b96f7b2cdeb5c19c4b0ffc7c08fce8a4c9d11315bff06a2e02dfa5173517810f1cbb2cddf98637fcd601132be74372da6431c4bfd03df04d4bb186ebf8f8e38f1b4e049eabc08feb1488276eb60d71abab0027b9316d3b275deba3b68a785c4f7f1cebe813beb6d8468f49e0dbcec2c27faf075e0f3c81d703bf203df0a3cb458697fc5c73cd1f96b1b42d2b17c676864fd3f292e1fbae0de6b4043e7ed1535bf53ec94b85e29ee9d0e3fce217ff5cf9d295f865349388c6686c55fa6d930563491aedf99ee4f86d3df0d54a3e6d0cc3f7f18ba3aaedbb0a7497f4ab6daa1711859ee41ffde881e1729675137abb1eff60ee818fcb4390f597bce417cb179ac5e76b2ed75dddb9ab1beed236ccaead0c4c52aedb24b96b7dd41653f8be6ecc7f5387465b6c04be0bf5c5b50d8127f0049ec02f88c0c7821dc437ac357dd34db796b18c1b1f5e355ae1f1701081b6edbb3698731189f8b1f5b81530e652ed775dbd6612d11827f06d13369b5e9a35c9f1c7096e35d4a12d8e369e5d05ba2d9da6efe395704627d276397e13cb2e379f5d846c217be0e335d7e3f5fa63a673b9eeeace4dddd8ed49e655d4a5d934a17374fbb66dbbd6475dcae5e813ccb6b9386d13bfe363366d3b1f65bb4bfe6d63088d213486d094ebbc878f75e0e7e74dac71c55b35ae61ecf5739eb3aa5c76ae690263bcfdb2654bcb09704db2d7b5c19cab48b40de5a9f21c0423bc986a924f17510be9352d19d876bcb8877fdcdb71431a4d2f889986c04fd25bdac4b28b64b43109df0791094f86c67dc64de8ad8edf5436e361104dcb48ce65159a8514f82ed75ed34bd8ba96fbd17353dd58556f04ae9eea8d7b236d5b398865b66d885975dec7ad47df85495b3cd5f7715c61f8d177bef31f657d58377fa8daa7aaa7da2689c7d7f2e8f29ef351b6bb32c87d3b3df0fb4b80173919034fe0e75fe0ab47def118eea64672d2edbb36987315f8a6062f6e6442e317de6039fa629ea686288e6d5c0f7f68ccafbb6ee3705847db64bbd1e3c5023f6e184dbc3e749da04c43e0e3f1ca4dc3792a26e35ece3557810fbd99d5db4dc7895f530f7adc3b3f2a4081fde85b5e0f66816f1a771ebf5d781a63e003dbd1a54ec3db539b5eaed4450263311ff79e87f83a1d578775ad8fbac414b689e70c85f5f6c34bb19aeacff81a1d5797c4d7609de8cf47d9ee9affdcb723f004de101a3df0e555309f2f72aa2adef8b16ff5b73ae1a9eb75aafed6b4a242d706b3adb7af4a277e0b6adc033c2ab7e79f7fce8c97fb04c1bef5d6bf1d4ed86bebc91b6d98aaa143a177ed75afbb64c6db6443ec7ff5575f2cdfc6597d662bf0d55b3d47df7a19bf49361ca36eedf569087c483b1ec71c04e235afb970c6f28da197fef6dbbf5adeac8c13b3b90a7c88a3eaad9ccd1b2be3f214f6bff8e20b8a97bdeca5e5e90982f995affcefc12a423b87e7ec6014f8ea6959c8f3e84d50b81e6ebef97fcd5845695a021f9fbb708317a4b6cbea4a4d3218d75375d76028b35ffbda37ca32d9f472a2aef5515731ad9e5855f90cfb353d41ababa7ce3bef9ce1e146eb92baba783eca76d7fce7be1d8127f0049ec02f98c0c78d6df8bde955e855651dbf1db26dfbae0d669bc0c7c353aa3846a52b7ebd7db54d68cc43a31efeab3eb391897868494827a4bb7af5cae1927c952486dec6f099adc0873c85b7bd8647f1e33ee3e29f96c087e3c6bd7c551cb1a45465e56d6fbbbc766df66908fce8f90c8cd7ad3be6806510c7f530d7e5a1ca4b482bc47efdf59f2cff74300afc387e5bb66c1ddeb8845ee06a1ecb34057ef47a6dea14e82a81a3d760dd7ed5793df9e4f5b5c976ad8fbac6143f050afb7499845e574fd51daf69c851df65bb6bfe73df8ec0ef2f0186d018426308cdfc0fa11995b52e0d50dc78b46ddfb5c16c13f810e7a814d43d5e0e0deaadb7de31e865fdee016d4b90ee73ce39ab887bbc26698042cfed17bff895193ded61ff20b6af7ffdab4bf1aed6799e8bc05f74d10507e4b512e6f064615cfcd314f870bc71f9ad44e5d24b5f35767cfa34043e1c27c8ce6db77da976bdfd703e2fb9e49583dedd178f3d8d81c95d777d7bc60d5cfc54e1605e85a6895f10dddffeed8b4b761583690a7c3c3ebc694cf824d75f5b790837b6975ebaa1718e4bd7fa6892b8e2fab0eb38ffa67aaaeea9575d3c7d96ed49f29ff3b6049ec0eb81d7035f5e050b318426c5ca37c8fe3e893cb531fc6abbb051dd5287b3cd7b90ca20ebd34e77349ed0c83ff0c043c33fb7e577b6f969db2fc8d8a64d8f0f379b64f9cdb6b4bb7e3fca225ebeb34b1a551e1622f62ef1f5bdcde839ecbb2c35bd49741a795d0c65b2ca47ddfb34bae671aee53a1c27f7b2dd95751fdb1178024fe0093c81efa376952602082c08814956335a9000a778d0ae2b604df190925a2404083c8127f0049ec02f920a59180820303702f144cdb62176733bd2c2ef1d4ff89ec638ff85cf9108262140e0093c8127f0047e925ad3b60820b0e8088431d9e1f3ddefde57ae3c133e4d2b542dba0c740c280ccdfbdef7fe73c664f3b675dd3b266db3c4081078024fe0093c814face2162e0208fc178178edf7eaaf5d2774a6c6315e3b3fc41e26b18f7bd36d6a7913ef6404083c8127f0049ec04f566fda1a010416118120f0fff00f7797112d5bb6acf8f55f3fbb7592f9220a7fa250c2fafa3b76ec9bc47eca29cf1b2c41faab13bfdd79a203da78d11220f0049ec0137802bf68ab6881218000020820702001024fe0093c8127f05a07041040000104122240e0093c8127f0043ea14a5ba80820800002081078024fe0093c81d716208000020820901001024fe0093c8127f00955da4245000104104080c01378024fe009bcb60001041040008184081078024fe009fcbc0afca64d9b8b4d9b1e2f8f79da69a7ceaaba9c461ab33ab09d104000010410580404083c8127f0047e5e053ebc31f1ce3bef2a8f79edb5ef9f5535388d346675603b218000020820b008081078024fe0093c815f0495718a21bce73d1f2ac33ef7dc9717175d74e6fd21f500001ec849444154418a591033020820902401024fe0093c8127f04956df0b1f34815ff87320020410c893008127f0049ec013f83cebff39e79ac0cf19a10410400081591120f0049ec013f80517f83029f5de7bffbdd8be7d47b17cf9b2e28c337ea158bb76cdd84a6d9231f0f7ddf7fde2c1077f5aa6bd66cdea62fdfae38b934f5edfb9c20cb1dd7fff0f8bcd9bb794b1bdf085cf1feeff939f3c388c799234c3c1ab7dd7ae7dce30afe16fdff9ce7f94b18558cf38e3f462c58ae59d639d6b5ec3fedffbde7f96c71bcd6b15c4b66ddb8b071e78a8fce7c68d37973fcf3cf3f4e2acb3ce1cee37298bce19b42102082080404980c01378024fe01754e03ff7b9db8bbbeffe9703aae4e73ef7c4e20d6ff8ad5a91ef22f0f7dcf36fc517bff89562ebd6a76ad37ecd6b2e6c14f920aab7de7a4771cf3ddf3d60ffd34e3ba578e31b2f2d6ebcf1e6e2c73f7ea808b1bee31d6f9da859f9f8c76f2cf70de3c7cf3df75787698d2672f6d9bf546cd8707ea3c8cf35af6dfbc7e721487e25ee75199e0d8b89c0d9180104104080c0ef77b762efbec23090d9ec4a058127f00b26f0415eab156982f885cf238f3c56ecdcb9abfc7de9d2238a77bef3ca0324be4de0bff9cd6f179ffffc1dc38bf9b8e3d616cb962d2db66cd93a14fa90f69bde7459ed529641de3ff189bf281e7d74d3308e75eb8e99115f90f81d3b764c45e07ff0831f95e98498aae3847f579f10ffbbdffdf6daca69ae798df78f8f1f0e56c510fefebef75d5dde4484a704b7ddf6a53296eafb952b8f2a56af5e59feed8413d615975d76717615a90c23800002f349400ffc7eda047eef7e04f359fc16f6587bab2c13f80513f870e030fce2d24b37cce861fefad7bf51dc71c7d7cbb8ea7a749b043eee210ee27bc515af9f710310beffd4a73e57de24c4621a97c69b6efafcb0e7bd2ebeeaf861ff90ce6c7a9dab1ef82a8d0d1bce2bce3bef9c6118a34f00ea567a996b5ec3313efce1ebcb3c0456575df53b33ce439c7ee070f9e5af9d71d11a03bfb07598a3238040be04083c81d7034fe0174ce09bc43796f42baf7cc38c9ef226818fc5b8ea351eade2432ff2f5d77fb2fcf3a8988631ef1ff9c827caef422ffb9557beb1b685d8b8f1d3c57df7fd60ec4d465bb352c519b66b5a86b1293f73cd6b2ce8a38cabf8c3cd5418ffff8bbff8f3073cad20f06d67d9f7082080403f04083c8127f0047ec104fef2cb2f1d08f48b6b6bb7d03b7ccd357f582bd9e3043e16f3d11eedd18354bdeca107fc831f7ccff0ebb8f7ffbdefbd6aec64da58f4e7d2031f0e7ccd357f30768c7b189f7ed34db796f1bdf6b51b8a97bdeca5e5efd3c86b2cf04de7625cf343e0fb6998a58a000208b41120f0049ec013f80513f8b637b1563dcca363c0c7097c57f90e198ec5f8eaabaf184e681d77ccbacaf4a31ffdd3729cfc5c04becbbe95288709add5f8f269e4351e42136e642ebef8828956be21f06d4dacef114000817e081078024fe009fc82087c98f8f8fef7bfb3b1661b27ea93febdee20e3868f5402df45ac27d97634866adfbab1e5e3b68d636a9bc81ba7d134546674126cd82fdc30bde005cf2d97cc1cf784246c47e0fb6998a58a000208b41120f0049ec013f80511f82e823ca9a84f436a2791f249b61d27e54de3dfab7dea8e338dbc56e907c1fff297ff7eb8aa4c1c6be8993ffffc73664cb0adbe27f06d4dacef114000817e081078024fe009fc8208fce8d8f3ba2a2e5e233e1e6e33a9d82fe61ef8a689b255dc754375a629f0d571c2909afbefff41f932a71ffef0c7c36534c3f775371a04be9f8659aa082080401b01024fe0093c815f10810f076d9abc19be1f37c67c9cbcc6c341e271ed7515e1b86de32524dbc6e87fe003d7ce7919c9a635de43dcf164de58a2a791d7d60662b05acf0d37dc345c72339eec1bf625f06d047d8f000208f44380c01378024fe0174ce0e3555546abb878959778f266d86e9cc0c7fbb40d4d8997608cc53416e3a6f8e2edba0c071acd5fbc8c64d36a37f171e29562a691d72aa690d6dab56b6a5b9998f5e80d1781efa761962a020820d04680c01378024fe0174ce0c344d677bdebf76a97508cd7591fed4defba0e7cdd5b5c4366e3499d75a2ffa10f5d57beb1350cf379dbdb2e1fae505355a86109c7aa673afc6dae023f6e184de87dffd8c7fe6c18cb680f787c13329bbc5643949a26148f1bc6d4b5073ee4e1ce3bffb158b366f57009ccb8616afb3e6c1b56dc099fb3cf7ec9d8e536db1a3bdf23800002071301024fe0093c815f10810f721c3eab561d5dbcfad5bf397c4950e80dfedbbfbd73f826d43ab96d12f8787df420a6af7bdd25335e401464f06b5ffb46392c64dc0d442cf821c610c38927ae2be37dfcf127cad8c2d097f099eb3292d59b58c3312ebdf455c39ef0908f5b6ef9c2701c7addbaf673cd6bdcbb3f9b37e256371081e3dbdffee632f620e42b562c1fb693d530a8f087ba271a6ddfc737105d56ec39981a687941000104c61120f0049ec013f80511f8d06bfd8a579c3d7c49515d251524f9aaab7ee7805ed7b6099c754b238ea63fae77bdda2eac13ffd9cfde5e8afeb87d6fbbed4be5ca2d73e9810ffb9e70c2bae2eebbff656c4bd524ae73cd6b3ce63f0410df9854010556753dfcf15afad5b6a32caa6136e1fbd1a150e16f6ddfc7438ddae60b68ea114000815c081078024fe009fc8209fc3bdef1d62208e8edb77ff500510eb2b761c3f9b54326da043e6428f44e57823d5aa1d7f536d755faa137f9de7bbf5bfcebbffebf62c78e1de5262f7ef1cf0d87724c6319c94a78e39ee6589cc72de118c73bd7bc069e77ddf5edda9b95365675e72f9efc1bbff1b66e3852dbf75de724e4d268cb2702082050b6718f3c51ac5db5a258b1ecf0450fe4b12ddbca18971c794811946bc921e1e7e07f837fecfb2dfa597eb7ffdfe197bd83dff7ff2da4117edff737024fe009fcbc0afcb89a260c5ba93e279d74e2d4c63a8721399b363dde4bdad314f81060b86178e0818786b19e76daa91355cc73cd6bb811d8be7ddf8d4af84c72fc6adfba7317be0bc36be2a13571c6dabe0ff90a9f71136d27826463041040e0202040e0093c8127f08b42e0175b7ddab4324b156b35d9b5cb5aeea3f99b8bfc2f3656e24100010410985f02049ec01378024fe0a37ab75a15e5ce3bef2aba8e3daf9b60da569513f83642be4700010410184780c01378024fe009fc480d19af8c524db63de9a413caadc2709c6f7deb9ee12a394d4b6136353d045ec38c00020820305b02049ec01378024fe0476ad0d00b7fe38d37972bcc347d82bcbfe52dffe38075e2bb54c804be0b25db2080000208d41120f0049ec01378023fa67d082ba08415687ef4a30766acd0127ae5e3d56866d3bc8455671e7ef8917209c9cb2ebb783649d80701041040205302049ec01378024fe0336d00641b01041040204d02049ec01378024fe0d3acbf458d00020820902901024fe0093c8127f0993600b28d00020820902601024fe0093c8127f069d6dfa24600010410c894008127f0049ec013f84c1b00d946000104104893008127f0049ec013f834eb6f512380000208644a80c01378024fe0097ca60d806c2380000208a44980c01378024fe0097c9af5b7a81140000104322540e0093c8127f0043ed30640b61140000104d22440e0093c8127f0043ecdfa5bd40820800002991220f0049ec01378029f690320db0820800002691220f0049ec01378029f66fd2d6a04104000814c091078024fe0093c81cfb401906d041040008134091078024fe0093c814fb3fe16350208208040a604083c8127f0049ec067da00c83602082080409a04083c8127f0049ec0a7597f8b1a01041040205302049ec01378024fe0336d00641b01041040204d02049ec01378024fe0d3acbf458d00020820902901024fe0093c8127f0993600b28d00020820902601024fe0093c8127f069d6dfa24600010410c894008127f0049ec013f84c1b00d946000104104893008127f0049ec013f834eb6f512380000208644a80c01378024fe0097ca60d806c2380000208a44980c01378024fe0097c9af5b7a81140000104322540e0093c8127f0043ed30640b61140000104d22440e0093c8127f0043ecdfa5bd40820800002991220f0049ec01378029f690320db0820800002691220f0049ec01378029f66fd2d6a04104000814c091078024fe0093c81cfb401906d041040008134091078024fe0093c814fb3fe16350208208040a604083c8127f0049ec067da00c83602082080409a04083c8127f0049ec0a7597f8b1a01041040205302049ec01378024fe0336d00641b01041040204d02049ec01378024fe0d3acbf458d00020820902901024fe0093c8127f0993600b28d00020820902601024fe0093c8127f069d6dfa24600010410c894008127f0049ec013f84c1b00d946000104104893008127f0049ec013f834eb6f512380000208644a80c01378024fe0097ca60d806c2380000208a44980c01378024fe0097c9af5b7a81140000104322540e0093c8127f0043ed30640b61140000104d22440e0093c8127f0043ecdfa5bd40820800002991220f0049ec01378029f690320db0820800002691220f0049ec01378029f66fd2d6a04104000814c091078024fe0093c81cfb401906d041040008134091078024fe0093c814fb3fe16350208208040a604083c8127f0049ec067da00c83602082080409a04083c8127f0049ec0a7597f8b1a01041040205302049ec01378024fe0336d00641b01041040204d02049ec01378024fe0d3acbf458d00020820902901024fe0093c8127f0993600b28d00020820902601024fe0093c8127f069d6dfa24600010410c894008127f0049ec013f84c1b00d946000104104893008127f0049ec013f834eb6f512380000208644a80c01378024fe0097ca60d806c2380000208a44980c01378024fe0097c9af5b7a81140000104322540e0093c8127f0043ed30640b61140000104d22440e0093c8127f0043ecdfa5bd40820800002991220f0049ec01378029f690320db0820800002691220f0049ec01378029f66fd2d6a04104000814c091078024fe0093c81cfb401906d041040008134091078024fe0093c814fb3fe16350208208040a604083c8127f0049ec067da00c83602082080409a04083c8127f0049ec0a7597f8b1a01041040205302049ec01378024fe0336d00641b01041040204d02049ec01378024fe0d3acbf458d00020820902901024fe0093c8127f0993600b28d00020820902601024fe0093c8127f069d6dfa24600010410c894008127f0049ec013f84c1b00d946000104104893008127f0049ec013f834eb6f512380000208644a80c01378024fe0097ca60d806c2380000208a44980c01378024fe0097c9af5b7a81140000104322540e0093c8127f0043ed30640b61140000104d22440e0093c8127f0043ecdfa5bd40820800002991220f0049ec01378029f690320db0820800002691220f0049ec01378029f66fd2d6a04104000814c091078024fe0093c81cfb401906d041040008134091078024fe0093c814fb3fe16350208208040a604083c8127f0049ec067da00c83602082080409a04083c8127f0049ec0a7597f8b1a01041040205302049ec01378024fe0336d00641b01041040204d02049ec01378024fe0d3acbf458d00020820902901024fe0093c8127f0993600b28d00020820902601024fe0093c8127f069d6dfa24600010410c894008127f0049ec013f84c1b00d946000104104893008127f0049ec013f834eb6f512380000208644a80c01378024fe0097ca60d806c2380000208a44980c01378024fe0097c9af5b7a81140000104322540e0093c8127f0043ed30640b61140000104d22440e0093c8127f0043ecdfa5bd40820800002991220f0049ec01378029f690320db0820800002691220f0049ec01378029f66fd2d6a04104000814c091078024fe0093c81cfb401906d041040008134091078024fe0093c814fb3fe16350208208040a604083c8127f0049ec067da00c83602082080409a04083c8127f0049ec0a7597f8b1a01041040205302049ec01378024fe0336d00641b01041040204d02049ec01378024fe0d3acbf458d00020820902901024fe0093c8127f0993600b28d00020820902601024fe0093c8127f069d6dfa24600010410c894008127f0049ec013f84c1b00d946000104104893008127f0049ec013f834eb6f512380000208644a80c01378024fe0097ca60d806c2380000208a44980c01378024fe0097c9af5b7a81140000104322540e0093c8127f0043ed30640b61140000104d22440e0093c8127f0043ecdfa5bd40820800002991220f0049ec01378029f690320db0820800002691220f0049ec01378029f66fd2d6a04104000814c091078024fe0093c81cfb401906d041040008134091078024fe0093c814fb3fe16350208208040a604083c8127f0049ec067da00c83602082080409a04083c8127f0049ec0a7597f8b1a01041040205302049ec01378024fe0336d00641b01041040204d02049ec01378024fe0d3acbf458d00020820902901024fe0093c8127f0993600b28d00020820902601024fe0093c8127f069d6dfa24600010410c894008127f0049ec013f84c1b00d946000104104893008127f0049ec013f834eb6f512380000208644a80c01378024fe0097ca60d806c2380000208a44980c01378024fe0097c9af5b7a81140000104322540e0093c8127f0043ed30640b61140000104d22440e0093c8127f0043ecdfa5bd40820800002991220f0049ec01378029f690320db0820800002691220f0049ec01378029f66fd2d6a04104000814c091078024fe0093c81cfb401906d041040008134091078024fe0093c814fb3fe16350208208040a604083c8127f0049ec067da00c83602082080409a04083c8127f0049ec0a7597f8b1a01041040205302049ec01378024fe0336d00641b01041040204d02049ec01378024fe0d3acbf458d00020820902901024fe0093c8127f0993600b28d00020820902601024fe0093c8127f069d6dfa24600010410c894008127f0049ec013f84c1b00d946000104104893008127f0049ec013f834eb6f512380000208644a80c01378024fe0097ca60d806c2380000208a44980c01378024fe0097c9af5b7a81140000104322540e0093c8127f0043ed30640b61140000104d22440e0093c8127f0043ecdfa5bd40820800002991220f0049ec01378029f690320db0820800002691220f0049ec01378029f66fd2d6a04104000814c091078024fe0093c81cfb401906d041040008134091078024fe0093c814fb3fe16350208208040a604083c8127f0049ec067da00c83602082080409a04083c8127f0049ec0a7597f8b1a01041040205302049ec01378024fe0336d00641b01041040204d02049ec01378024fe0d3acbf458d00020820902901024fe0093c8127f0993600b28d00020820902601024fe0093c8127f069d6dfa24600010410c894008127f0049ec013f84c1b00d946000104104893008127f0049ec013f834eb6f512380000208644a80c01378024fe0097ca60d806c2380000208a44980c01378024fe0097c9af5b7a81140000104322540e0093c8127f0043ed30640b61140000104d22440e0093c8127f0043ecdfa5bd40820800002991220f0049ec01378029f690320db0820800002691220f0049ec01378029f66fd2d6a04104000814c091078024fe0093c81cfb401906d041040008134091078024fe0093c814fb3fe16350208208040a604083c8127f0049ec067da00c83602082080409a04083c8127f0049ec0a7597f8b1a01041040205302049ec01378024fe0336d00641b01041040204d02049ec01378024fe0d3acbf458d00020820902901024fe0093c8127f0993600b28d00020820902601024fe0093c8127f069d6dfa24600010410c894008127f0049ec013f84c1b00d946000104104893008127f0049ec013f834eb6f512380000208644a80c01378024fe0097ca60d806c2380000208a44980c01378024fe0097c9af5b7a81140000104322540e0093c8127f0043ed30640b61140000104d22440e0093c8127f0043ecdfa5bd40820800002991220f0049ec01378029f690320db0820800002691220f0049ec01378029f66fd2d6a04104000814c091078024fe0093c81cfb401906d041040008134091078024fe0093c814fb3fe16350208208040a604083c8127f0049ec067da00c83602082080409a04083c8127f0049ec0a7597f8b1a01041040205302049ec01378024fe0336d00641b01041040204d02049ec01378024fe0d3acbf458d00020820902901024fe0093c8127f0993600b28d00020820902601024fe0093c8127f069d6dfa24600010410c894008127f0049ec013f84c1b00d946000104104893008127f0049ec013f834eb6f512380000208644a80c01378024fe0097ca60d806c2380000208a44980c01378024fe0097c9af5b7a81140000104322540e0093c8127f0043ed30640b61140000104d22440e0093c8127f0043ecdfa5bd40820800002991220f0049ec01378029f690320db0820800002691220f0049ec01378029f66fd2d6a04104000814c091078024fe0093c81cfb401906d041040008134091078024fe0093c814fb3fe16350208208040a604083c8127f0049ec067da00c83602082080409a04083c8127f0049ec0a7597f8b1a01041040205302049ec013f8cc057ed313db8abd7bf716c7ac3e32d36a50b6114000010410488b4010f8d06e2f5f7ad8a20ffcb12ddbca18971c794811946bc921e1e7e07f837fecfb2dfa597eb7ffdfe197bd83dff7ff2da4117edff737024fe03317f82d4fee2876ee7aa658b7f6a8455f090810010410400081dc093cfbec9ee2a1c79e2cdbed230e3b74d1e320f0fd9c22029fb9c03fb96d67f1e4d33b8b138f5dd94f09932a020820800002084c8dc0ceddcf168f6e7eaa6cb70f5d5275454f2df9a92744e0a78eb44c90c0672ef0db77ee2ec2c575d271abfeeb91543f654daa082080000208203047024f6fdf556cdebabd3879ddaa39a6343fbb13f87e3813f8cc057ecf9ebdc5833fdb5aac5db5a258b1ecf07e4a995411400001041040604e049e79e699e2339ff94cf1cb2fffb5e239abd72433778dc0cfe9b48fdd99c0672ef0a1643cfaf8d3e563b820f13e08208000020820b0b8080479dfb87163b172d5aae2372eb8a8587df4f2e2c8e5472cae20c74443e0fb394d049ec0174f0d1ec73d3e781c97ca78ba7e2e05a9228000020820b0f808ecd9b3a7b8e1861b8ab56bd716afbaf8d545587c62fd712bcbd55c52f810f87ece128127f0e532920f0f66b42f5b7a78b166e5f27e4a9a541140000104104060220241de376efcf3e2d8638f2d5ef18a57141ff9e81f15fff3eaab8b93d7af9b289d85dc98c0f7439fc013f8b2646ddbb1bb086bc21f3f5896eaf00496a5eae772902a0208208000028b834025efebd7af2f7eedd7ce29aefde8c78afffeca5715e7bee2e5492d3a41e0fb294f049ec00f4bd6cf0663e1770d96a70a127fe8a14bfa2971524500010410400081460295bc9f72ca0b8ab3ce3aabf8d81ffd4971c16f5e589cfa82e717271e7fecbe171a25f221f0fd9c28024fe087256b3092a67864f3938321354571dc9a81c427b0be6c3f978554114000010410581802b1bcffcaaffcca40deffb878e5ab2e2ed69f7042f1d9bffa74f1fbbfff7bc55147a5f3f24502df4f3922f0047e46c97a76b0ace423831744048b0f127f989ef87eae3ca92280000208203042a092f717bde845c54b5ffa92e2ba3ffef8a0e77d4371fcba638bcfdef2e9e22d6f7973b16edd3a3df0d50388418763f8a4f444625a859ec013f803cad29e81bc3f36184eb3fb993dc59ac1d292cb971e36adf2261d04104000010410a82150c9fbe9a79f5e9c79e619c5c7aebbbeb870d0f37edcb16b8acfdc727371c51557149b376f2e4e3df594e2f0c3d3796f8b1ef87e8a3b8127f0634bd6e34f6e2f9edab6ab9cd4baeaa86544be9f6b50aa08208000020814b7dc724bb17efd49c519ffeda5839ef73f292eba6843f182e73fb7f8e49f6f2cdefce63717dbb63d5dfcf55fff75f1bbbffbbbc5d2a54b932146e0fb3955049ec03796ac679edd53ae39bb7de7ee72bb65471c562c1dfc17a4fef0c3961862d3cf7529550410400081839c4018fdb1fb99678bdd83c523760d7e3ef5f4f662c9a187954b3b1f79c4a183b7adee1be7be6bd7aee288238e28b66edd5aac58b1a238ecb0b49e8a13f87e0a328127f09d4a5610f9b0d4e4b61dbbcaa1353e08208000020820301d024145c2bb58562c3b7cf0b4fbf0a496896c2340e0db08cdee7b024fe0675572c264d7305e6ff0a39cf0ea83000208208000021310182c0519567b0b6f545d7210affa46e0272813136c4ae009fc04c5c5a6082080000208208040770204be3bab49b624f0047e92f2625b0410400001041040a0330102df19d5441b1278023f5181b1310208208000020820d0950081ef4a6ab2ed083c819facc4d81a0104104000010410e84880c0770435e166049ec04f58646c8e0002082080000208742340e0bb719a742b024fe0272d33b64700010410400001043a1120f09d304dbc118127f013171a3b2080000208208000025d0810f82e9426df86c013f8c94b8d3d1040000104104000810e04087c0748b3d884c013f859141bbb208000020820800002ed04087c3ba3d96c41e009fc6cca8d7d104000010410400081560204be15d1ac3620f0047e5605c74e0820800002082080401b0102df466876df1378023fbb92632f0410400001041040a0850081efa788107802df4fc9922a0208208000023d10f8c9c39b8aeffde8a7c5e6279e2a8e5ab1acfcefb4179c501cbb66650f4793e45c0910f8b912acdfbf14f87e92962a020820800002082080000208f441e0ff038c086abf2598ba9a0000000049454e44ae426082, 73569, 'image/png', 31, '2025-10-25 11:53:28');

-- --------------------------------------------------------

--
-- Table structure for table `tblticket_responses`
--

CREATE TABLE `tblticket_responses` (
  `responseID` int(11) NOT NULL,
  `ticketID` int(11) DEFAULT NULL,
  `responderId` int(11) DEFAULT NULL,
  `responderType` enum('member','admin') NOT NULL,
  `message` text NOT NULL,
  `createdAt` timestamp NOT NULL DEFAULT current_timestamp()
) ENGINE=InnoDB DEFAULT CHARSET=utf8mb4 COLLATE=utf8mb4_general_ci;

--
-- Dumping data for table `tblticket_responses`
--

INSERT INTO `tblticket_responses` (`responseID`, `ticketID`, `responderId`, `responderType`, `message`, `createdAt`) VALUES
(1, 6, 3, 'admin', 'Hello Ian, thank you for contacting support. I understand you\'re having trouble with the password reset link. Let me help you with that.', '2024-01-13 01:15:00'),
(2, 6, 3, 'admin', 'I\'ve just generated a new password reset link and sent it to your email (ian@example.com). This new link will be valid for the next 2 hours. Please check your spam folder if you don\'t see it in your inbox within 5 minutes.', '2024-01-13 01:20:00'),
(3, 6, 9, 'member', 'Thanks! I received the new link and it worked perfectly. I was able to reset my password and log in successfully. Appreciate the quick help!', '2024-01-13 02:05:00'),
(4, 6, 3, 'admin', 'Great to hear that, Ian! I\'m glad we could resolve this quickly. For future reference, password reset links are valid for 1 hour. If you encounter any other issues, don\'t hesitate to reach out. Have a wonderful day!', '2024-01-13 02:10:00'),
(5, 7, 1, 'admin', 'Hi Jane, I\'m sorry to hear about the issue with your trade. I\'ll help mediate this situation for you.', '2024-01-12 01:50:00'),
(6, 7, 1, 'admin', 'I\'ve reviewed the trade history and can see that you traded your \"Vintage Gardening Book\" with user \"plantlover22\" for their \"Herb Seed Collection\" on January 1st. Is this correct?', '2024-01-12 02:30:00'),
(7, 7, 10, 'member', 'Yes, that\'s the correct trade. I shipped my book the next day and provided the tracking number in our chat. The tracking shows it was delivered on January 5th, but I haven\'t received the seeds yet.', '2024-01-12 03:15:00'),
(8, 7, 1, 'admin', 'Thank you for confirming. I\'ve contacted plantlover22 and they mentioned there was a delay due to weather conditions in their area. They provided this tracking number for your seed package: TRK789456123. Let me check the status for you.', '2024-01-12 06:20:00'),
(9, 7, 1, 'admin', 'I checked the tracking and it shows the seeds are out for delivery today! The delay was indeed due to weather-related shipping disruptions in the Midwest region.', '2024-01-12 07:45:00'),
(10, 7, 1, 'admin', 'UPDATE: The tracking shows your seed package was delivered at 3:30 PM today. Could you please confirm if you\'ve received it?', '2024-01-12 08:30:00'),
(11, 7, 10, 'member', 'Yes! I just checked my mailbox and the seeds arrived safely. Thank you so much for your help in resolving this! Everything looks great.', '2024-01-12 09:10:00'),
(12, 7, 1, 'admin', 'Excellent! I\'m glad everything worked out. I\'ve updated both users\' trade reputations to reflect the successful completion. Thank you for your patience throughout this process. Happy gardening!', '2024-01-12 09:15:00');

-- --------------------------------------------------------

--
-- Table structure for table `tbltrade_listings`
--

CREATE TABLE `tbltrade_listings` (
  `listingID` int(11) NOT NULL,
  `userID` int(11) DEFAULT NULL,
  `title` varchar(255) NOT NULL,
  `description` text NOT NULL,
  `tags` text DEFAULT NULL,
  `imageUrl` varchar(500) DEFAULT NULL,
  `category` enum('Plants','Gardening Tools','Seeds & Saplings','Garden Decor','Gardening Books','Other') DEFAULT 'Plants',
  `dateListed` date NOT NULL,
  `status` enum('active','inactive') DEFAULT 'active',
  `itemType` enum('Plant','Item') DEFAULT 'Plant',
  `itemCondition` enum('New','Excellent','Good','Fair','Poor') DEFAULT 'New',
  `species` varchar(100) DEFAULT NULL,
  `growthStage` varchar(50) DEFAULT NULL,
  `careInstructions` text DEFAULT NULL,
  `brand` varchar(100) DEFAULT NULL,
  `dimensions` varchar(100) DEFAULT NULL,
  `usageHistory` text DEFAULT NULL,
  `lookingFor` text DEFAULT NULL,
  `reported` tinyint(1) DEFAULT 0
) ENGINE=InnoDB DEFAULT CHARSET=utf8mb4 COLLATE=utf8mb4_general_ci;

--
-- Dumping data for table `tbltrade_listings`
--

INSERT INTO `tbltrade_listings` (`listingID`, `userID`, `title`, `description`, `tags`, `imageUrl`, `category`, `dateListed`, `status`, `itemType`, `itemCondition`, `species`, `growthStage`, `careInstructions`, `brand`, `dimensions`, `usageHistory`, `lookingFor`, `reported`) VALUES
(1, 4, 'Monstera Deliciosa - Mature Plant', 'Beautiful mature Monstera plant with fenestrated leaves. Well-established and healthy. Looking to trade for gardening tools or other interesting plants. This plant has been growing for over 2 years and is very resilient.', 'monstera, indoor plant, mature, fenestrated', '../../assets/images/placeholder-image.jpg', 'Plants', '2025-01-10', 'inactive', 'Plant', 'Excellent', 'Monstera Deliciosa', 'Mature', 'Bright indirect light, water weekly, prefers humidity', NULL, NULL, NULL, 'gardening tools or other interesting plants', 1),
(2, 5, 'Professional Gardening Tools Set', 'Complete set of professional gardening tools including trowel, pruners, gloves, and weeding tools. Barely used, in excellent condition. Perfect for serious gardeners.', 'tools, gardening, professional, complete set', '../../assets/images/placeholder-image.jpg', 'Gardening Tools', '2025-01-12', 'active', 'Item', 'Excellent', NULL, NULL, NULL, 'Fiskars', 'Tool kit: 12x8x4 inches', 'Used only a few times, like new condition', 'Monstera plant', 1),
(3, 6, 'Heirloom Tomato Seeds Collection', 'Rare heirloom tomato seeds including Brandywine, Cherokee Purple, and Green Zebra varieties. Organic and non-GMO. Perfect for home gardeners.', 'seeds, tomato, heirloom, organic', '../../assets/images/placeholder-image.jpg', 'Seeds & Saplings', '2025-01-08', 'active', 'Item', 'New', NULL, NULL, NULL, NULL, NULL, NULL, 'Monstera plant', 1),
(4, 7, 'Handmade Ceramic Plant Pots', 'Set of 3 beautiful handmade ceramic pots in different sizes. Each piece is unique with natural glaze patterns.', 'pots, ceramic, handmade, decor', '../../assets/images/placeholder-image.jpg', 'Garden Decor', '2025-01-05', 'active', 'Item', 'Good', NULL, NULL, NULL, NULL, NULL, NULL, 'Monstera plant', 0),
(5, 11, 'Organic Herb Seed Collection', 'Assorted organic herb seeds including basil, mint, rosemary, and thyme. Perfect for kitchen gardens.', 'herbs, seeds, organic, kitchen', '../../assets/images/placeholder-image.jpg', 'Seeds & Saplings', '2025-10-20', 'active', 'Item', 'New', 'Mixed Herbs', 'Seeds', 'Plant in well-draining soil, full sun', NULL, NULL, NULL, 'Gardening tools or vegetable seeds', 0),
(6, 12, 'Vintage Watering Can', 'Beautiful vintage-style metal watering can with brass finish. Holds 2 gallons.', 'watering can, vintage, metal, decor', '../../assets/images/placeholder-image.jpg', 'Gardening Tools', '2025-10-18', 'active', 'Item', 'Good', NULL, NULL, 'Hand wash only, avoid harsh chemicals', NULL, NULL, NULL, 'Indoor plants or gardening books', 0),
(7, 13, 'Succulent Arrangement', 'Mixed succulent arrangement in terracotta pot. Low maintenance and drought tolerant.', 'succulents, indoor, arrangement, low-maintenance', '../../assets/images/placeholder-image.jpg', 'Plants', '2025-10-22', 'inactive', 'Plant', 'Excellent', 'Mixed Succulents', 'Mature', 'Bright indirect light, water sparingly', NULL, NULL, NULL, 'Gardening tools or other succulents', 0),
(8, 31, 'Rose', 'A beautiful rose plant.', 'Rose', '../../uploads/tradeListings/trade_1761372127_68fc67df4ddd3.jpg', 'Plants', '2025-10-25', 'active', 'Plant', 'Excellent', 'Rose', 'established', 'Just regular care for plant with enough water and sunlight', '', '', '', 'Looking to trade with jasmine plant in similar condition', 0);

-- --------------------------------------------------------

--
-- Table structure for table `tbltrade_requests`
--

CREATE TABLE `tbltrade_requests` (
  `requestID` int(11) NOT NULL,
  `conversationID` int(11) NOT NULL,
  `senderID` int(11) DEFAULT NULL,
  `receiverID` int(11) DEFAULT NULL,
  `listingID` int(11) DEFAULT NULL,
  `requestType` enum('offer','request') NOT NULL,
  `status` enum('pending','accepted','declined','cancelled') DEFAULT 'pending',
  `createdAt` datetime DEFAULT current_timestamp(),
  `expiresAt` datetime NOT NULL
) ENGINE=InnoDB DEFAULT CHARSET=utf8mb4 COLLATE=utf8mb4_general_ci;

--
-- Dumping data for table `tbltrade_requests`
--

INSERT INTO `tbltrade_requests` (`requestID`, `conversationID`, `senderID`, `receiverID`, `listingID`, `requestType`, `status`, `createdAt`, `expiresAt`) VALUES
(1, 1, 4, 8, 1, 'offer', 'accepted', '2025-10-18 10:20:00', '2025-11-17 10:20:00'),
(2, 1, 8, 4, 7, 'offer', 'accepted', '2025-10-18 14:35:00', '2025-11-17 14:35:00'),
(3, 2, 11, 17, 5, 'offer', 'declined', '2025-10-19 09:25:00', '2025-11-18 09:25:00'),
(4, 3, 5, 4, 2, 'offer', 'pending', '2025-10-21 16:50:00', '2025-11-20 16:50:00'),
(5, 4, 31, 13, 8, 'offer', 'pending', '2025-10-22 08:20:00', '2025-11-21 08:20:00');

-- --------------------------------------------------------

--
-- Table structure for table `tblusers`
--

CREATE TABLE `tblusers` (
  `userID` int(11) NOT NULL,
  `fullName` varchar(100) NOT NULL,
  `username` varchar(50) NOT NULL,
  `gender` enum('male','female','other','null') DEFAULT NULL,
  `email` varchar(100) NOT NULL,
  `password` varchar(60) NOT NULL,
  `bio` varchar(500) NOT NULL,
  `country` varchar(100) NOT NULL,
  `userType` enum('member','admin') NOT NULL,
  `point` int(50) UNSIGNED DEFAULT NULL,
  `tradesCompleted` int(11) DEFAULT 0,
  `lastLogin` datetime DEFAULT current_timestamp(),
  `createdAt` datetime DEFAULT current_timestamp()
) ENGINE=InnoDB DEFAULT CHARSET=utf8mb4 COLLATE=utf8mb4_general_ci;

--
-- Dumping data for table `tblusers`
--

INSERT INTO `tblusers` (`userID`, `fullName`, `username`, `gender`, `email`, `password`, `bio`, `country`, `userType`, `point`, `tradesCompleted`, `lastLogin`, `createdAt`) VALUES
(1, 'Alice Johnson', 'alicej', 'female', 'alice@example.com', 'hashedpwd1', 'Loves reading and hiking.', 'USA', 'admin', 0, 0, '2025-10-23 09:30:00', '2025-09-12 14:20:00'),
(2, 'Bob Smith', 'bobsmith', 'male', 'bob@example.com', 'hashedpwd2', 'Tech enthusiast.', 'Canada', 'admin', 0, 0, '2025-10-23 16:45:00', '2025-09-12 15:30:00'),
(3, 'Charlie Brown', 'charlieb', 'male', 'charlie@example.com', 'hashedpwd3', 'Fan of sports.', 'UK', 'admin', 0, 0, '2025-10-22 08:15:00', '2025-09-12 16:15:00'),
(4, 'Diana Prince', 'diana', 'female', 'diana@example.com', 'hashedpwd4', 'Works in marketing.', 'USA', 'member', 20, 2, '2025-10-23 12:00:00', '2025-09-18 16:45:00'),
(5, 'Evan Lee', 'evanlee', 'male', 'evan@example.com', 'hashedpwd5', 'Enjoys photography.', 'Australia', 'member', 61, 0, '2025-10-22 14:20:00', '2025-09-20 13:10:00'),
(6, 'Fiona Green', 'fionag', 'female', 'fiona@example.com', 'hashedpwd6', 'Loves cooking.', 'Ireland', 'member', 0, 0, '2025-10-23 09:45:00', '2025-09-22 10:25:00'),
(7, 'George White', 'georgew', 'male', 'george@example.com', 'hashedpwd7', 'Music producer.', 'New Zealand', 'member', 20, 0, '2025-10-22 10:30:00', '2025-09-25 08:50:00'),
(8, 'Hannah Black', 'hannahb', 'female', 'hannah@example.com', 'hashedpwd8', 'Yoga instructor.', 'USA', 'member', 124, 2, '2025-10-22 11:15:00', '2025-09-27 15:35:00'),
(9, 'Ian Clark', 'ianclark', 'male', 'ian@example.com', 'hashedpwd9', 'Gamer and streamer.', 'Canada', 'member', 15, 0, '2025-10-22 13:20:00', '2025-09-29 12:40:00'),
(10, 'Jane Doe', 'janed', 'female', 'jane@example.com', 'hashedpwd10', 'Artist and writer.', 'UK', 'member', 10, 0, '2025-10-23 17:30:00', '2025-10-01 17:15:00'),
(11, 'Michael Chen', 'michaelc', 'male', 'michael@example.com', 'hashedpwd11', 'Urban gardener and sustainability advocate.', 'USA', 'member', 38, 0, '2025-10-23 08:15:00', '2025-10-03 09:20:00'),
(12, 'Sarah Wilson', 'sarahw', 'female', 'sarah@example.com', 'hashedpwd12', 'Environmental scientist and plant enthusiast.', 'Canada', 'member', 124, 0, '2025-10-22 16:45:00', '2025-10-05 14:30:00'),
(13, 'David Rodriguez', 'davidr', 'male', 'david@example.com', 'hashedpwd13', 'Organic farmer and composting expert.', 'Mexico', 'member', 15, 0, '2025-10-23 11:20:00', '2025-10-07 11:15:00'),
(14, 'Lisa Thompson', 'lisat', 'female', 'lisa@example.com', 'hashedpwd14', 'Zero waste lifestyle blogger.', 'UK', 'member', 56, 0, '2025-10-22 13:40:00', '2025-10-09 16:45:00'),
(15, 'Kevin Park', 'kevinp', 'male', 'kevin@example.com', 'hashedpwd15', 'Renewable energy engineer.', 'South Korea', 'member', 25, 0, '2025-10-23 10:05:00', '2025-10-11 13:25:00'),
(16, 'Maria Garcia', 'mariag', 'female', 'maria@example.com', 'hashedpwd16', 'Community garden coordinator.', 'Spain', 'member', 69, 0, '2025-10-22 15:30:00', '2025-10-13 10:40:00'),
(17, 'James Brown', 'jamesb', 'male', 'james@example.com', 'hashedpwd17', 'Beekeeper and pollinator advocate.', 'USA', 'member', 0, 0, '2025-10-23 09:50:00', '2025-10-15 17:30:00'),
(18, 'Emma Davis', 'emmad', 'female', 'emma@example.com', 'hashedpwd18', 'Sustainable fashion designer.', 'Australia', 'member', 10, 0, '2025-10-22 14:15:00', '2025-10-16 00:10:00'),
(19, 'Ryan Kim', 'ryank', 'male', 'ryan@example.com', 'hashedpwd19', 'Urban forestry specialist.', 'Canada', 'member', 38, 0, '2025-10-23 12:25:00', '2025-10-16 08:50:00'),
(20, 'Olivia Martin', 'oliviam', 'female', 'olivia@example.com', 'hashedpwd20', 'Marine conservation volunteer.', 'New Zealand', 'member', 15, 0, '2025-10-22 17:05:00', '2025-10-16 09:45:00'),
(21, 'Daniel Lee', 'daniell', 'male', 'daniel@example.com', 'hashedpwd21', 'Climate activist and educator.', 'Singapore', 'member', 0, 0, '2025-10-23 13:40:00', '2025-10-17 11:20:00'),
(22, 'Sophia Clark', 'sophiac', 'female', 'sophia@example.com', 'hashedpwd22', 'Permaculture designer and teacher.', 'USA', 'member', 0, 0, '2025-10-22 18:20:00', '2025-10-17 16:35:00'),
(23, 'Matthew Wright', 'mattheww', 'male', 'matthew@example.com', 'hashedpwd23', 'Solar panel installer and advocate.', 'UK', 'member', 0, 0, '2025-10-23 15:10:00', '2025-10-18 13:50:00'),
(24, 'Chloe Anderson', 'chloea', 'female', 'chloe@example.com', 'hashedpwd24', 'Wildlife photographer and conservationist.', 'South Africa', 'member', 0, 0, '2025-10-22 19:30:00', '2025-10-18 18:25:00'),
(25, 'Andrew Taylor', 'andrewt', 'male', 'andrew@example.com', 'hashedpwd25', 'Environmental policy analyst.', 'Canada', 'member', 0, 0, '2025-10-23 14:55:00', '2025-10-18 22:25:00'),
(26, 'Isabella Harris', 'isabellah', 'female', 'isabella@example.com', 'hashedpwd26', 'Organic food chef and educator.', 'Italy', 'member', 0, 0, '2025-10-22 20:15:00', '2025-10-18 23:40:00'),
(27, 'Christopher White', 'christopherw', 'male', 'christopher@example.com', 'hashedpwd27', 'Green building architect.', 'Germany', 'member', 0, 0, '2025-10-23 16:40:00', '2025-10-19 12:55:00'),
(28, 'Amelia Scott', 'ameliasc', 'female', 'amelia@example.com', 'hashedpwd28', 'Community composting leader.', 'France', 'member', 0, 0, '2025-10-22 21:05:00', '2025-10-19 14:10:00'),
(29, 'Joshua King', 'joshuak', 'male', 'joshua@example.com', 'hashedpwd29', 'Electric vehicle enthusiast and advocate.', 'Netherlands', 'member', 0, 0, '2025-10-23 17:25:00', '2025-10-19 17:45:00'),
(30, 'Mia Green', 'miag', 'female', 'mia@example.com', 'hashedpwd30', 'Environmental educator and nature guide.', 'Sweden', 'member', 0, 0, '2025-10-22 22:20:00', '2025-10-20 09:20:00'),
(31, 'testMember', 'MemberTest', '', 'MemberTest@gmail.com', '$2y$10$GqHKC0Bfy.cqT2Rt67/qEOHDPWHqYeigoTD0FEj2VhxxT3LH3NpIC', '', 'Afghanistan', 'member', 0, 0, '2025-11-08 17:50:09', '2025-10-20 13:47:42'),
(32, 'testAdmin', 'AdminTest', '', 'AdminTest@yahoo.com', '$2y$10$AdlyOCwZiH0.OhZP6fpFaeqqM0s5PV3b2.Q0s5HRL8wS9h8vWPc3i', '', 'Malaysia', 'admin', 0, 0, '2025-11-07 15:42:36', '2025-10-20 13:50:37');

-- --------------------------------------------------------

--
-- Table structure for table `tbluser_quiz_progress`
--

CREATE TABLE `tbluser_quiz_progress` (
  `progressID` int(11) NOT NULL,
  `userID` int(11) DEFAULT NULL,
  `stageID` int(11) DEFAULT NULL,
  `score` int(11) DEFAULT 0,
  `completed` tinyint(1) DEFAULT 0,
  `completedAt` timestamp NULL DEFAULT NULL
) ENGINE=InnoDB DEFAULT CHARSET=utf8mb4 COLLATE=utf8mb4_general_ci;

--
-- Dumping data for table `tbluser_quiz_progress`
--

INSERT INTO `tbluser_quiz_progress` (`progressID`, `userID`, `stageID`, `score`, `completed`, `completedAt`) VALUES
(1, 4, 1, 4, 1, '2025-10-24 07:56:18'),
(2, 4, 2, 2, 0, NULL),
(3, 5, 1, 5, 1, '2025-10-24 07:56:18'),
(4, 5, 2, 4, 1, '2025-10-24 07:56:18'),
(5, 5, 3, 3, 1, '2025-10-24 07:56:18'),
(6, 5, 4, 1, 0, NULL),
(7, 8, 1, 5, 1, '2025-10-24 07:56:18'),
(8, 8, 2, 5, 1, '2025-10-24 07:56:18'),
(9, 8, 3, 4, 1, '2025-10-24 07:56:18'),
(10, 8, 4, 5, 1, '2025-10-24 07:56:18'),
(11, 8, 5, 4, 1, '2025-10-24 07:56:18'),
(12, 9, 1, 3, 1, '2025-10-24 07:56:18'),
(13, 7, 1, 4, 1, '2025-10-24 07:56:18'),
(14, 7, 2, 3, 0, NULL),
(15, 10, 1, 2, 1, '2025-10-24 07:56:18'),
(16, 11, 1, 4, 1, '2025-10-25 05:42:35'),
(17, 11, 2, 3, 1, '2025-10-25 05:42:35'),
(18, 12, 1, 5, 1, '2025-10-25 05:42:35'),
(19, 12, 2, 4, 1, '2025-10-25 05:42:35'),
(20, 12, 3, 5, 1, '2025-10-25 05:42:35'),
(21, 12, 4, 4, 1, '2025-10-25 05:42:35'),
(22, 12, 5, 5, 1, '2025-10-25 05:42:35'),
(23, 13, 1, 3, 1, '2025-10-25 05:42:35'),
(24, 14, 1, 4, 1, '2025-10-25 05:42:35'),
(25, 14, 2, 4, 1, '2025-10-25 05:42:35'),
(26, 14, 3, 3, 1, '2025-10-25 05:42:35'),
(27, 15, 1, 5, 1, '2025-10-25 05:42:35'),
(28, 15, 2, 2, 0, NULL),
(29, 16, 1, 4, 1, '2025-10-25 05:42:35'),
(30, 16, 2, 3, 1, '2025-10-25 05:42:35'),
(31, 16, 3, 4, 1, '2025-10-25 05:42:35'),
(32, 16, 4, 3, 1, '2025-10-25 05:42:35'),
(33, 18, 1, 2, 1, '2025-10-25 05:42:35'),
(34, 19, 1, 4, 1, '2025-10-25 05:42:35'),
(35, 19, 2, 3, 1, '2025-10-25 05:42:35'),
(36, 20, 1, 3, 1, '2025-10-25 05:42:35'),
(37, 20, 2, 1, 0, NULL);

--
-- Indexes for dumped tables
--

--
-- Indexes for table `tblblog`
--
ALTER TABLE `tblblog`
  ADD PRIMARY KEY (`blogID`),
  ADD KEY `idx_blog_userID` (`userID`),
  ADD KEY `idx_blog_category` (`category`),
  ADD KEY `idx_blog_date` (`date`);

--
-- Indexes for table `tblblogtag`
--
ALTER TABLE `tblblogtag`
  ADD PRIMARY KEY (`blogID`,`tagID`),
  ADD KEY `tagID` (`tagID`);

--
-- Indexes for table `tblconversations`
--
ALTER TABLE `tblconversations`
  ADD PRIMARY KEY (`conversationID`),
  ADD UNIQUE KEY `unique_conversation` (`user1ID`,`user2ID`),
  ADD KEY `user2ID` (`user2ID`),
  ADD KEY `idx_conversation_users` (`user1ID`,`user2ID`);

--
-- Indexes for table `tblevents`
--
ALTER TABLE `tblevents`
  ADD PRIMARY KEY (`eventID`),
  ADD KEY `userID` (`userID`);

--
-- Indexes for table `tblfaq`
--
ALTER TABLE `tblfaq`
  ADD PRIMARY KEY (`faqID`);

--
-- Indexes for table `tblmessages`
--
ALTER TABLE `tblmessages`
  ADD PRIMARY KEY (`messageID`),
  ADD KEY `idx_messages_conversation` (`conversationID`),
  ADD KEY `idx_messages_sender` (`senderID`),
  ADD KEY `idx_messages_receiver` (`receiverID`),
  ADD KEY `idx_messages_time` (`sentAt`);

--
-- Indexes for table `tblquiz_questions`
--
ALTER TABLE `tblquiz_questions`
  ADD PRIMARY KEY (`quizID`),
  ADD KEY `stageID` (`stageID`);

--
-- Indexes for table `tblquiz_stages`
--
ALTER TABLE `tblquiz_stages`
  ADD PRIMARY KEY (`stageID`);

--
-- Indexes for table `tblregistration`
--
ALTER TABLE `tblregistration`
  ADD PRIMARY KEY (`registrationID`),
  ADD KEY `fk_event` (`eventID`),
  ADD KEY `fk_user` (`userID`);

--
-- Indexes for table `tbltag`
--
ALTER TABLE `tbltag`
  ADD PRIMARY KEY (`tagID`),
  ADD UNIQUE KEY `tagName` (`tagName`),
  ADD KEY `idx_tag_name` (`tagName`);

--
-- Indexes for table `tbltickets`
--
ALTER TABLE `tbltickets`
  ADD PRIMARY KEY (`ticketID`),
  ADD KEY `userID` (`userID`),
  ADD KEY `adminAssignedID` (`adminAssignedID`);

--
-- Indexes for table `tblticket_attachments`
--
ALTER TABLE `tblticket_attachments`
  ADD PRIMARY KEY (`attachmentId`),
  ADD KEY `ticketId` (`ticketId`),
  ADD KEY `responseID` (`responseID`),
  ADD KEY `uploadedBy` (`uploadedBy`);

--
-- Indexes for table `tblticket_responses`
--
ALTER TABLE `tblticket_responses`
  ADD PRIMARY KEY (`responseID`),
  ADD KEY `ticketID` (`ticketID`),
  ADD KEY `responderId` (`responderId`);

--
-- Indexes for table `tbltrade_listings`
--
ALTER TABLE `tbltrade_listings`
  ADD PRIMARY KEY (`listingID`),
  ADD KEY `userID` (`userID`);

--
-- Indexes for table `tbltrade_requests`
--
ALTER TABLE `tbltrade_requests`
  ADD PRIMARY KEY (`requestID`),
  ADD KEY `conversationID` (`conversationID`),
  ADD KEY `senderID` (`senderID`),
  ADD KEY `receiverID` (`receiverID`),
  ADD KEY `listingID` (`listingID`);

--
-- Indexes for table `tblusers`
--
ALTER TABLE `tblusers`
  ADD PRIMARY KEY (`userID`);

--
-- Indexes for table `tbluser_quiz_progress`
--
ALTER TABLE `tbluser_quiz_progress`
  ADD PRIMARY KEY (`progressID`),
  ADD KEY `userID` (`userID`),
  ADD KEY `stageID` (`stageID`);

--
-- AUTO_INCREMENT for dumped tables
--

--
-- AUTO_INCREMENT for table `tblblog`
--
ALTER TABLE `tblblog`
  MODIFY `blogID` int(11) NOT NULL AUTO_INCREMENT, AUTO_INCREMENT=20;

--
-- AUTO_INCREMENT for table `tblconversations`
--
ALTER TABLE `tblconversations`
  MODIFY `conversationID` int(11) NOT NULL AUTO_INCREMENT, AUTO_INCREMENT=5;

--
-- AUTO_INCREMENT for table `tblevents`
--
ALTER TABLE `tblevents`
  MODIFY `eventID` int(11) NOT NULL AUTO_INCREMENT, AUTO_INCREMENT=13;

--
-- AUTO_INCREMENT for table `tblfaq`
--
ALTER TABLE `tblfaq`
  MODIFY `faqID` int(11) NOT NULL AUTO_INCREMENT, AUTO_INCREMENT=29;

--
-- AUTO_INCREMENT for table `tblmessages`
--
ALTER TABLE `tblmessages`
  MODIFY `messageID` int(11) NOT NULL AUTO_INCREMENT, AUTO_INCREMENT=7;

--
-- AUTO_INCREMENT for table `tblquiz_questions`
--
ALTER TABLE `tblquiz_questions`
  MODIFY `quizID` int(11) NOT NULL AUTO_INCREMENT, AUTO_INCREMENT=76;

--
-- AUTO_INCREMENT for table `tblquiz_stages`
--
ALTER TABLE `tblquiz_stages`
  MODIFY `stageID` int(11) NOT NULL AUTO_INCREMENT, AUTO_INCREMENT=16;

--
-- AUTO_INCREMENT for table `tblregistration`
--
ALTER TABLE `tblregistration`
  MODIFY `registrationID` int(11) NOT NULL AUTO_INCREMENT, AUTO_INCREMENT=27;

--
-- AUTO_INCREMENT for table `tbltag`
--
ALTER TABLE `tbltag`
  MODIFY `tagID` int(11) NOT NULL AUTO_INCREMENT, AUTO_INCREMENT=26;

--
-- AUTO_INCREMENT for table `tbltickets`
--
ALTER TABLE `tbltickets`
  MODIFY `ticketID` int(11) NOT NULL AUTO_INCREMENT, AUTO_INCREMENT=12;

--
-- AUTO_INCREMENT for table `tblticket_attachments`
--
ALTER TABLE `tblticket_attachments`
  MODIFY `attachmentId` int(11) NOT NULL AUTO_INCREMENT, AUTO_INCREMENT=2;

--
-- AUTO_INCREMENT for table `tblticket_responses`
--
ALTER TABLE `tblticket_responses`
  MODIFY `responseID` int(11) NOT NULL AUTO_INCREMENT, AUTO_INCREMENT=13;

--
-- AUTO_INCREMENT for table `tbltrade_listings`
--
ALTER TABLE `tbltrade_listings`
  MODIFY `listingID` int(11) NOT NULL AUTO_INCREMENT, AUTO_INCREMENT=9;

--
-- AUTO_INCREMENT for table `tbltrade_requests`
--
ALTER TABLE `tbltrade_requests`
  MODIFY `requestID` int(11) NOT NULL AUTO_INCREMENT, AUTO_INCREMENT=6;

--
-- AUTO_INCREMENT for table `tblusers`
--
ALTER TABLE `tblusers`
  MODIFY `userID` int(11) NOT NULL AUTO_INCREMENT, AUTO_INCREMENT=33;

--
-- AUTO_INCREMENT for table `tbluser_quiz_progress`
--
ALTER TABLE `tbluser_quiz_progress`
  MODIFY `progressID` int(11) NOT NULL AUTO_INCREMENT, AUTO_INCREMENT=38;

--
-- Constraints for dumped tables
--

--
-- Constraints for table `tblblog`
--
ALTER TABLE `tblblog`
  ADD CONSTRAINT `tblblog_ibfk_1` FOREIGN KEY (`userID`) REFERENCES `tblusers` (`userID`) ON DELETE CASCADE;

--
-- Constraints for table `tblblogtag`
--
ALTER TABLE `tblblogtag`
  ADD CONSTRAINT `tblblogtag_ibfk_1` FOREIGN KEY (`blogID`) REFERENCES `tblblog` (`blogID`) ON DELETE CASCADE,
  ADD CONSTRAINT `tblblogtag_ibfk_2` FOREIGN KEY (`tagID`) REFERENCES `tbltag` (`tagID`) ON DELETE CASCADE;

--
-- Constraints for table `tblconversations`
--
ALTER TABLE `tblconversations`
  ADD CONSTRAINT `tblconversations_ibfk_1` FOREIGN KEY (`user1ID`) REFERENCES `tblusers` (`userID`) ON DELETE SET NULL ON UPDATE CASCADE,
  ADD CONSTRAINT `tblconversations_ibfk_2` FOREIGN KEY (`user2ID`) REFERENCES `tblusers` (`userID`) ON DELETE SET NULL ON UPDATE CASCADE;

--
-- Constraints for table `tblevents`
--
ALTER TABLE `tblevents`
  ADD CONSTRAINT `tblevents_ibfk_1` FOREIGN KEY (`userID`) REFERENCES `tblusers` (`userID`);

--
-- Constraints for table `tblmessages`
--
ALTER TABLE `tblmessages`
  ADD CONSTRAINT `tblmessages_ibfk_1` FOREIGN KEY (`conversationID`) REFERENCES `tblconversations` (`conversationID`) ON DELETE CASCADE ON UPDATE CASCADE,
  ADD CONSTRAINT `tblmessages_ibfk_2` FOREIGN KEY (`senderID`) REFERENCES `tblusers` (`userID`) ON DELETE SET NULL ON UPDATE CASCADE,
  ADD CONSTRAINT `tblmessages_ibfk_3` FOREIGN KEY (`receiverID`) REFERENCES `tblusers` (`userID`) ON DELETE SET NULL ON UPDATE CASCADE;

--
-- Constraints for table `tblquiz_questions`
--
ALTER TABLE `tblquiz_questions`
  ADD CONSTRAINT `tblquiz_questions_ibfk_1` FOREIGN KEY (`stageID`) REFERENCES `tblquiz_stages` (`stageID`);

--
-- Constraints for table `tblregistration`
--
ALTER TABLE `tblregistration`
  ADD CONSTRAINT `fk_event` FOREIGN KEY (`eventID`) REFERENCES `tblevents` (`eventID`) ON DELETE CASCADE ON UPDATE CASCADE,
  ADD CONSTRAINT `fk_user` FOREIGN KEY (`userID`) REFERENCES `tblusers` (`userID`) ON DELETE CASCADE ON UPDATE CASCADE;

--
-- Constraints for table `tbltickets`
--
ALTER TABLE `tbltickets`
  ADD CONSTRAINT `tbltickets_ibfk_1` FOREIGN KEY (`userID`) REFERENCES `tblusers` (`userID`) ON DELETE SET NULL,
  ADD CONSTRAINT `tbltickets_ibfk_2` FOREIGN KEY (`adminAssignedID`) REFERENCES `tblusers` (`userID`) ON DELETE SET NULL;

--
-- Constraints for table `tblticket_attachments`
--
ALTER TABLE `tblticket_attachments`
  ADD CONSTRAINT `tblticket_attachments_ibfk_1` FOREIGN KEY (`ticketId`) REFERENCES `tbltickets` (`ticketID`) ON DELETE CASCADE,
  ADD CONSTRAINT `tblticket_attachments_ibfk_2` FOREIGN KEY (`responseID`) REFERENCES `tblticket_responses` (`responseID`) ON DELETE CASCADE,
  ADD CONSTRAINT `tblticket_attachments_ibfk_3` FOREIGN KEY (`uploadedBy`) REFERENCES `tblusers` (`userID`) ON DELETE SET NULL;

--
-- Constraints for table `tblticket_responses`
--
ALTER TABLE `tblticket_responses`
  ADD CONSTRAINT `tblticket_responses_ibfk_1` FOREIGN KEY (`ticketID`) REFERENCES `tbltickets` (`ticketID`) ON DELETE CASCADE,
  ADD CONSTRAINT `tblticket_responses_ibfk_2` FOREIGN KEY (`responderId`) REFERENCES `tblusers` (`userID`) ON DELETE SET NULL;

--
-- Constraints for table `tbltrade_listings`
--
ALTER TABLE `tbltrade_listings`
  ADD CONSTRAINT `tbltrade_listings_ibfk_1` FOREIGN KEY (`userID`) REFERENCES `tblusers` (`userID`) ON DELETE SET NULL;

--
-- Constraints for table `tbltrade_requests`
--
ALTER TABLE `tbltrade_requests`
  ADD CONSTRAINT `tbltrade_requests_ibfk_1` FOREIGN KEY (`conversationID`) REFERENCES `tblconversations` (`conversationID`) ON DELETE CASCADE,
  ADD CONSTRAINT `tbltrade_requests_ibfk_2` FOREIGN KEY (`senderID`) REFERENCES `tblusers` (`userID`) ON DELETE SET NULL,
  ADD CONSTRAINT `tbltrade_requests_ibfk_3` FOREIGN KEY (`receiverID`) REFERENCES `tblusers` (`userID`) ON DELETE SET NULL,
  ADD CONSTRAINT `tbltrade_requests_ibfk_4` FOREIGN KEY (`listingID`) REFERENCES `tbltrade_listings` (`listingID`) ON DELETE SET NULL;

--
-- Constraints for table `tbluser_quiz_progress`
--
ALTER TABLE `tbluser_quiz_progress`
  ADD CONSTRAINT `tbluser_quiz_progress_ibfk_1` FOREIGN KEY (`userID`) REFERENCES `tblusers` (`userID`),
  ADD CONSTRAINT `tbluser_quiz_progress_ibfk_2` FOREIGN KEY (`stageID`) REFERENCES `tblquiz_stages` (`stageID`);
COMMIT;

/*!40101 SET CHARACTER_SET_CLIENT=@OLD_CHARACTER_SET_CLIENT */;
/*!40101 SET CHARACTER_SET_RESULTS=@OLD_CHARACTER_SET_RESULTS */;
/*!40101 SET COLLATION_CONNECTION=@OLD_COLLATION_CONNECTION */;
